dimension,coefficient,samples_per_class,noise,method,mean,std,count
10,2,20,0.0,$L_2$ Norm,75.75150363429918,10.822984177338444,100
10,2,20,0.0,CEC,57.6164401279779,6.770063576839694,100
10,2,20,0.0,Differential Entropy,,,0
10,2,20,0.0,Gaussian Mixture,59.990406060524684,7.005122385077365,100
10,2,20,0.0,Reg. EM,58.23783814321206,6.037983590382785,100
10,2,20,0.0,Self-Information,76.1011350342377,6.342964945108999,100
10,2,20,0.1,$L_2$ Norm,73.40699515602657,8.089186640492821,100
10,2,20,0.1,CEC,57.59699420568863,5.263685729639708,100
10,2,20,0.1,Differential Entropy,,,0
10,2,20,0.1,Gaussian Mixture,58.861793932636054,5.763205060156752,100
10,2,20,0.1,Reg. EM,58.262861727055345,5.872138312223261,100
10,2,20,0.1,Self-Information,72.96252903671761,6.696835642389377,100
10,2,20,0.2,$L_2$ Norm,69.95693477130297,8.519145135876736,100
10,2,20,0.2,CEC,57.21220365703059,4.749597137761735,100
10,2,20,0.2,Differential Entropy,,,0
10,2,20,0.2,Gaussian Mixture,58.51388714919919,6.789890265436016,100
10,2,20,0.2,Reg. EM,56.99468441500579,5.932577958267308,100
10,2,20,0.2,Self-Information,72.09308715147314,6.5375434806742065,100
10,2,20,0.5,$L_2$ Norm,63.679161054645945,7.7151243275074295,100
10,2,20,0.5,CEC,57.26200500323805,5.325181235548833,100
10,2,20,0.5,Differential Entropy,,,0
10,2,20,0.5,Gaussian Mixture,56.98338932898267,5.3164377391263615,100
10,2,20,0.5,Reg. EM,57.38300703723472,5.8263771500638954,100
10,2,20,0.5,Self-Information,65.97447075773061,6.900563637297055,100
10,2,20,0.7,$L_2$ Norm,59.690826816349755,6.80927387044158,100
10,2,20,0.7,CEC,56.1995862954572,5.170704863503548,100
10,2,20,0.7,Differential Entropy,,,0
10,2,20,0.7,Gaussian Mixture,57.03944393919262,5.70801174741082,100
10,2,20,0.7,Reg. EM,56.46949726487212,4.94845752810114,100
10,2,20,0.7,Self-Information,60.69867001496351,6.826034231120358,100
10,2,20,0.9,$L_2$ Norm,56.150033491464676,5.379913526785084,100
10,2,20,0.9,CEC,56.61522510904161,4.7171853119962766,100
10,2,20,0.9,Differential Entropy,,,0
10,2,20,0.9,Gaussian Mixture,56.56569293454649,5.209713032673244,100
10,2,20,0.9,Reg. EM,56.31419837293319,5.035424101506818,100
10,2,20,0.9,Self-Information,56.9026474874717,5.171633927768455,100
10,10,100,0.0,$L_2$ Norm,72.53290169294641,5.50525417489286,100
10,10,100,0.0,CEC,65.74368792222528,8.406992198990224,100
10,10,100,0.0,Differential Entropy,,,0
10,10,100,0.0,Gaussian Mixture,67.6379289456787,6.744410686715114,100
10,10,100,0.0,Reg. EM,64.4485222473066,7.918189295342456,100
10,10,100,0.0,Self-Information,72.99269129118952,2.543834837691148,100
10,10,100,0.1,$L_2$ Norm,71.44189833040343,5.963274653051909,100
10,10,100,0.1,CEC,64.54282843737225,8.41495252861863,100
10,10,100,0.1,Differential Entropy,,,0
10,10,100,0.1,Gaussian Mixture,60.46354621343511,7.3179512527982595,100
10,10,100,0.1,Reg. EM,63.574016176446776,6.410067310257876,100
10,10,100,0.1,Self-Information,71.36093680817554,2.7874658808870536,100
10,10,100,0.2,$L_2$ Norm,70.14600333158232,4.826570355924369,100
10,10,100,0.2,CEC,60.943772260984986,7.64091246399571,100
10,10,100,0.2,Differential Entropy,,,0
10,10,100,0.2,Gaussian Mixture,60.564150323947594,7.02833800630023,100
10,10,100,0.2,Reg. EM,62.50506113597593,6.292913697206297,100
10,10,100,0.2,Self-Information,70.03986246005552,2.974064900837106,100
10,10,100,0.5,$L_2$ Norm,63.514899347028475,3.9174383862781013,100
10,10,100,0.5,CEC,55.81840150896328,4.255557865504359,100
10,10,100,0.5,Differential Entropy,,,0
10,10,100,0.5,Gaussian Mixture,55.87557625292876,4.667097716436929,100
10,10,100,0.5,Reg. EM,57.33592038101788,4.715889121423587,100
10,10,100,0.5,Self-Information,63.72643086058276,3.0044963122911605,100
10,10,100,0.7,$L_2$ Norm,57.541041913285454,3.5173049641036527,100
10,10,100,0.7,CEC,55.155552195719316,3.914282970164431,100
10,10,100,0.7,Differential Entropy,,,0
10,10,100,0.7,Gaussian Mixture,54.33862304925602,3.3702143865026293,100
10,10,100,0.7,Reg. EM,55.02128125237768,3.7151324484275716,100
10,10,100,0.7,Self-Information,58.07112913838295,3.3714313808596286,100
10,10,100,0.9,$L_2$ Norm,53.65854916583407,2.735879551827966,100
10,10,100,0.9,CEC,53.52785423493979,2.626901381006678,100
10,10,100,0.9,Differential Entropy,,,0
10,10,100,0.9,Gaussian Mixture,53.23412805279738,2.3154939714621245,100
10,10,100,0.9,Reg. EM,53.59688416810919,2.628145324663779,100
10,10,100,0.9,Self-Information,54.035250246109015,2.782198389316888,100
10,20,200,0.0,$L_2$ Norm,70.61314168746432,6.117214753722916,100
10,20,200,0.0,CEC,82.58390332426787,8.147056385185037,100
10,20,200,0.0,Differential Entropy,,,0
10,20,200,0.0,Gaussian Mixture,80.74857651965179,6.990671312131473,100
10,20,200,0.0,Reg. EM,75.35260240088422,11.04913870185495,100
10,20,200,0.0,Self-Information,73.37089967267615,1.6970144162167067,100
10,20,200,0.1,$L_2$ Norm,69.13052685447627,5.615774124371191,100
10,20,200,0.1,CEC,80.76420974329329,6.661232482131564,100
10,20,200,0.1,Differential Entropy,,,0
10,20,200,0.1,Gaussian Mixture,72.70322191838382,11.323834545045361,100
10,20,200,0.1,Reg. EM,73.45138607386649,9.742280141546022,100
10,20,200,0.1,Self-Information,71.91478001744981,2.0695564205995782,100
10,20,200,0.2,$L_2$ Norm,67.5687521394358,5.1100635974917,100
10,20,200,0.2,CEC,74.4708993131824,10.486150117180767,100
10,20,200,0.2,Differential Entropy,,,0
10,20,200,0.2,Gaussian Mixture,67.61978483083344,11.889850638989133,100
10,20,200,0.2,Reg. EM,71.35462651409969,8.866204604514278,100
10,20,200,0.2,Self-Information,70.11807186136292,1.9011398082886408,100
10,20,200,0.5,$L_2$ Norm,62.20880688080086,2.809537283726214,100
10,20,200,0.5,CEC,60.74397024881572,8.118934417865763,100
10,20,200,0.5,Differential Entropy,,,0
10,20,200,0.5,Gaussian Mixture,56.145023219939134,5.704884248560193,100
10,20,200,0.5,Reg. EM,60.231931511968604,6.500568789317852,100
10,20,200,0.5,Self-Information,63.792481726491445,2.1612884730587183,100
10,20,200,0.7,$L_2$ Norm,57.2858993689684,2.613278428432279,100
10,20,200,0.7,CEC,56.19085244012002,4.501600197872829,100
10,20,200,0.7,Differential Entropy,,,0
10,20,200,0.7,Gaussian Mixture,53.809520261938886,3.7826830436006906,100
10,20,200,0.7,Reg. EM,55.4562228557822,4.136612656309956,100
10,20,200,0.7,Self-Information,58.37351413781714,2.405246984072178,100
10,20,200,0.9,$L_2$ Norm,52.45902908844316,1.6321830604436909,100
10,20,200,0.9,CEC,52.82209672858707,1.9328113490362546,100
10,20,200,0.9,Differential Entropy,,,0
10,20,200,0.9,Gaussian Mixture,52.6145446435081,1.7412329808266027,100
10,20,200,0.9,Reg. EM,52.77822269521917,2.251447771791002,100
10,20,200,0.9,Self-Information,52.69156851378135,1.8807173011533187,100
50,2,100,0.0,$L_2$ Norm,84.85034379101394,8.526646938400841,100
50,2,100,0.0,CEC,55.183495688291444,3.020793422574768,100
50,2,100,0.0,Differential Entropy,,,0
50,2,100,0.0,Gaussian Mixture,56.777561645518055,4.2417020275778645,100
50,2,100,0.0,Reg. EM,54.87518792434842,3.0004672823133105,100
50,2,100,0.0,Self-Information,96.51414511824565,3.8431837785930765,100
50,2,100,0.1,$L_2$ Norm,81.60526685529064,7.642232835185172,100
50,2,100,0.1,CEC,54.74426825944137,2.873353951472224,100
50,2,100,0.1,Differential Entropy,,,0
50,2,100,0.1,Gaussian Mixture,54.9787927115633,3.9487340550705494,100
50,2,100,0.1,Reg. EM,54.79050807617777,2.918955245364723,100
50,2,100,0.1,Self-Information,96.17917976933039,1.3834532192175768,100
50,2,100,0.2,$L_2$ Norm,81.1489523229145,8.70340351176858,100
50,2,100,0.2,CEC,54.033712186337745,2.738664000028696,100
50,2,100,0.2,Differential Entropy,,,0
50,2,100,0.2,Gaussian Mixture,54.067167244411195,3.449809029090182,100
50,2,100,0.2,Reg. EM,54.224103859712386,2.8917875671610425,100
50,2,100,0.2,Self-Information,93.66375387528457,1.7223226703210257,100
50,2,100,0.5,$L_2$ Norm,72.60392366968566,6.7048728622259315,100
50,2,100,0.5,CEC,53.73944371102632,2.6607869628379683,100
50,2,100,0.5,Differential Entropy,,,0
50,2,100,0.5,Gaussian Mixture,53.11916596669949,2.248719753475114,100
50,2,100,0.5,Reg. EM,53.44698315589144,2.3915924751150213,100
50,2,100,0.5,Self-Information,82.5418216516397,2.672300402415572,100
50,2,100,0.7,$L_2$ Norm,64.66273234191137,5.0417154549792595,100
50,2,100,0.7,CEC,53.10161907143552,2.4180867409585987,100
50,2,100,0.7,Differential Entropy,,,0
50,2,100,0.7,Gaussian Mixture,52.917764006516855,2.2110604582608286,100
50,2,100,0.7,Reg. EM,53.19979108963216,2.20292227056989,100
50,2,100,0.7,Self-Information,71.48259127189851,2.7901545678763613,100
50,2,100,0.9,$L_2$ Norm,55.044292962826006,3.251341221759884,100
50,2,100,0.9,CEC,52.89096135304161,2.2744251293815476,100
50,2,100,0.9,Differential Entropy,,,0
50,2,100,0.9,Gaussian Mixture,53.05492735340195,2.218024390236143,100
50,2,100,0.9,Reg. EM,52.775483097077405,1.9830352639996895,100
50,2,100,0.9,Self-Information,57.41353994727426,3.228974454698108,100
50,5,250,0.0,$L_2$ Norm,82.73059385120008,8.919932267947747,100
50,5,250,0.0,CEC,65.77083833549301,11.570957295941096,100
50,5,250,0.0,Differential Entropy,,,0
50,5,250,0.0,Gaussian Mixture,74.21171469785008,6.8217264767718655,100
50,5,250,0.0,Reg. EM,62.20666115306105,9.438139672881006,100
50,5,250,0.0,Self-Information,77.84108945674879,1.1675575233085669,100
50,5,250,0.1,$L_2$ Norm,79.43786974241885,8.383585311875057,100
50,5,250,0.1,CEC,62.96632794437561,10.598009330656325,100
50,5,250,0.1,Differential Entropy,,,0
50,5,250,0.1,Gaussian Mixture,69.27772331614653,10.922118893250923,100
50,5,250,0.1,Reg. EM,62.42390823957672,8.457121619073956,100
50,5,250,0.1,Self-Information,78.4995002592482,1.1436377879603403,100
50,5,250,0.2,$L_2$ Norm,73.99730291198881,7.630977811429901,100
50,5,250,0.2,CEC,59.198334509946896,7.5738873791803885,100
50,5,250,0.2,Differential Entropy,,,0
50,5,250,0.2,Gaussian Mixture,62.21778334160052,10.762050234570266,100
50,5,250,0.2,Reg. EM,60.703853023019086,7.73397162041718,100
50,5,250,0.2,Self-Information,78.72102943146051,1.2519696238247258,100
50,5,250,0.5,$L_2$ Norm,76.99304087663175,3.928539520969377,100
50,5,250,0.5,CEC,53.97172407851771,2.714828253706731,100
50,5,250,0.5,Differential Entropy,,,0
50,5,250,0.5,Gaussian Mixture,52.807534396431535,2.145599726512124,100
50,5,250,0.5,Reg. EM,54.32252747708465,2.5886115127435776,100
50,5,250,0.5,Self-Information,77.45848441341212,1.4971903715854051,100
50,5,250,0.7,$L_2$ Norm,68.28297102368789,2.5541990832959045,100
50,5,250,0.7,CEC,52.44389367674328,1.9438499154097113,100
50,5,250,0.7,Differential Entropy,,,0
50,5,250,0.7,Gaussian Mixture,52.42436624774087,2.0178443017045047,100
50,5,250,0.7,Reg. EM,53.07144198746415,2.2370403242444725,100
50,5,250,0.7,Self-Information,71.12103787250639,1.643083735551684,100
50,5,250,0.9,$L_2$ Norm,56.14998639530286,2.1907139139591396,100
50,5,250,0.9,CEC,51.987925834279686,1.3920497888746897,100
50,5,250,0.9,Differential Entropy,,,0
50,5,250,0.9,Gaussian Mixture,51.793976508218556,1.3952079087918314,100
50,5,250,0.9,Reg. EM,51.965650544437786,1.2636229263225698,100
50,5,250,0.9,Self-Information,57.987963557973096,2.069077804397352,100
50,20,1000,0.0,$L_2$ Norm,66.04559388348274,7.27572430851422,100
50,20,1000,0.0,CEC,84.55046987120996,20.75839495030809,100
50,20,1000,0.0,Differential Entropy,,,0
50,20,1000,0.0,Gaussian Mixture,99.43931266355978,0.17293778663448314,100
50,20,1000,0.0,Reg. EM,79.9439670341501,21.63356006548209,100
50,20,1000,0.0,Self-Information,77.91777746586348,0.5717149257459373,100
50,20,1000,0.1,$L_2$ Norm,57.677365436153735,12.518559723046556,100
50,20,1000,0.1,CEC,81.25251730635499,21.47519857050512,100
50,20,1000,0.1,Differential Entropy,,,0
50,20,1000,0.1,Gaussian Mixture,99.10916666477677,0.21662535888704484,100
50,20,1000,0.1,Reg. EM,81.97608861088857,20.638908486935964,100
50,20,1000,0.1,Self-Information,77.61453593154742,0.6958545859131584,100
50,20,1000,0.2,$L_2$ Norm,82.88171299354826,11.795831045175179,100
50,20,1000,0.2,CEC,86.59302688851511,19.49293589693072,100
50,20,1000,0.2,Differential Entropy,,,0
50,20,1000,0.2,Gaussian Mixture,98.70832106487002,0.2698870789092944,100
50,20,1000,0.2,Reg. EM,80.23071302547068,20.623804419760006,100
50,20,1000,0.2,Self-Information,77.3406212844204,0.6510581472420994,100
50,20,1000,0.5,$L_2$ Norm,78.33317484480796,1.8875134024297964,100
50,20,1000,0.5,CEC,92.54712729424566,10.54670867201122,100
50,20,1000,0.5,Differential Entropy,,,0
50,20,1000,0.5,Gaussian Mixture,95.36712064275669,0.4436714447846285,100
50,20,1000,0.5,Reg. EM,84.27911264509221,16.916021330631096,100
50,20,1000,0.5,Self-Information,73.2474528508423,0.7413434868335513,100
50,20,1000,0.7,$L_2$ Norm,67.72837581898995,1.3398222229423522,100
50,20,1000,0.7,CEC,83.090957213376,11.179377945769694,100
50,20,1000,0.7,Differential Entropy,,,0
50,20,1000,0.7,Gaussian Mixture,82.95888127191434,10.184590686646521,100
50,20,1000,0.7,Reg. EM,69.54791012797531,14.99604061914067,100
50,20,1000,0.7,Self-Information,66.6533441352947,0.8506589262537089,100
50,20,1000,0.9,$L_2$ Norm,56.073593495059974,0.98616292461611,100
50,20,1000,0.9,CEC,52.717669445362986,2.0034290777407318,100
50,20,1000,0.9,Differential Entropy,,,0
50,20,1000,0.9,Gaussian Mixture,51.94754246631588,1.5179909676969707,100
50,20,1000,0.9,Reg. EM,52.09782340927702,1.6747588002152964,100
50,20,1000,0.9,Self-Information,55.82659505183946,1.137506178739827,100
