Book,Chapter,Verse,P,Pg,Ps

Exodus,1,1,1,1,0

Exodus,1,2,1,1,0

Exodus,1,3,1,1,0

Exodus,1,4,1,1,0

Exodus,1,5,1,1,0

Exodus,1,6,0,0,0

Exodus,1,7,1,0,0

Exodus,1,8,0,0,0

Exodus,1,9,0,0,0

Exodus,1,10,0,0,0

Exodus,1,11,0,0,0

Exodus,1,12,0,0,0

Exodus,1,13,1,1,0

Exodus,1,14,1,1,0

Exodus,1,15,0,0,0

Exodus,1,16,0,0,0

Exodus,1,17,0,0,0

Exodus,1,18,0,0,0

Exodus,1,19,0,0,0

Exodus,1,20,0,0,0

Exodus,1,21,0,0,0

Exodus,1,22,0,0,0

Exodus,2,1,0,0,0

Exodus,2,2,0,0,0

Exodus,2,3,0,0,0

Exodus,2,4,0,0,0

Exodus,2,5,0,0,0

Exodus,2,6,0,0,0

Exodus,2,7,0,0,0

Exodus,2,8,0,0,0

Exodus,2,9,0,0,0

Exodus,2,10,0,0,0

Exodus,2,11,0,0,0

Exodus,2,12,0,0,0

Exodus,2,13,0,0,0

Exodus,2,14,0,0,0

Exodus,2,15,0,0,0

Exodus,2,16,0,0,0

Exodus,2,17,0,0,0

Exodus,2,18,0,0,0

Exodus,2,19,0,0,0

Exodus,2,20,0,0,0

Exodus,2,21,0,0,0

Exodus,2,22,0,0,0

Exodus,2,23,0,0,0

Exodus,2,24,1,1,0

Exodus,2,25,1,1,0

Exodus,3,1,0,0,0

Exodus,3,2,0,0,0

Exodus,3,3,0,0,0

Exodus,3,4,0,0,0

Exodus,3,5,0,0,0

Exodus,3,6,0,0,0

Exodus,3,7,0,0,0

Exodus,3,8,0,0,0

Exodus,3,9,0,0,0

Exodus,3,10,0,0,0

Exodus,3,11,0,0,0

Exodus,3,12,0,0,0

Exodus,3,13,0,0,0

Exodus,3,14,0,0,0

Exodus,3,15,0,0,0

Exodus,3,16,0,0,0

Exodus,3,17,0,0,0

Exodus,3,18,0,0,0

Exodus,3,19,0,0,0

Exodus,3,20,0,0,0

Exodus,3,21,0,0,0

Exodus,3,22,0,0,0

Exodus,4,1,0,0,0

Exodus,4,2,0,0,0

Exodus,4,3,0,0,0

Exodus,4,4,0,0,0

Exodus,4,5,0,0,0

Exodus,4,6,0,0,0

Exodus,4,7,0,0,0

Exodus,4,8,0,0,0

Exodus,4,9,0,0,0

Exodus,4,10,0,0,0

Exodus,4,11,0,0,0

Exodus,4,12,0,0,0

Exodus,4,13,0,0,0

Exodus,4,14,0,0,0

Exodus,4,15,0,0,0

Exodus,4,16,0,0,0

Exodus,4,17,0,0,0

Exodus,4,18,0,0,0

Exodus,4,19,0,0,0

Exodus,4,20,0,0,0

Exodus,4,21,0,0,0

Exodus,4,22,0,0,0

Exodus,4,23,0,0,0

Exodus,4,24,0,0,0

Exodus,4,25,0,0,0

Exodus,4,26,0,0,0

Exodus,4,27,0,0,0

Exodus,4,28,0,0,0

Exodus,4,29,0,0,0

Exodus,4,30,0,0,0

Exodus,4,31,0,0,0

Exodus,5,1,0,0,0

Exodus,5,2,0,0,0

Exodus,5,3,0,0,0

Exodus,5,4,0,0,0

Exodus,5,5,0,0,0

Exodus,5,6,0,0,0

Exodus,5,7,0,0,0

Exodus,5,8,0,0,0

Exodus,5,9,0,0,0

Exodus,5,10,0,0,0

Exodus,5,11,0,0,0

Exodus,5,12,0,0,0

Exodus,5,13,0,0,0

Exodus,5,14,0,0,0

Exodus,5,15,0,0,0

Exodus,5,16,0,0,0

Exodus,5,17,0,0,0

Exodus,5,18,0,0,0

Exodus,5,19,0,0,0

Exodus,5,20,0,0,0

Exodus,5,21,0,0,0

Exodus,5,22,0,0,0

Exodus,5,23,0,0,0

Exodus,6,1,0,0,0

Exodus,6,2,1,1,0

Exodus,6,3,1,1,0

Exodus,6,4,1,1,0

Exodus,6,5,1,1,0

Exodus,6,6,1,1,0

Exodus,6,7,1,1,0

Exodus,6,8,1,1,0

Exodus,6,9,1,1,0

Exodus,6,10,1,1,0

Exodus,6,11,1,1,0

Exodus,6,12,1,1,0

Exodus,6,13,1,0,0

Exodus,6,14,1,0,0

Exodus,6,15,1,0,0

Exodus,6,16,1,0,0

Exodus,6,17,1,0,0

Exodus,6,18,1,0,0

Exodus,6,19,1,0,0

Exodus,6,20,1,0,0

Exodus,6,21,1,0,0

Exodus,6,22,1,0,0

Exodus,6,23,1,0,0

Exodus,6,24,1,0,0

Exodus,6,25,1,0,0

Exodus,6,26,1,0,0

Exodus,6,27,1,0,0

Exodus,6,28,1,0,0

Exodus,6,29,1,0,0

Exodus,6,30,1,0,0

Exodus,7,1,1,1,0

Exodus,7,2,1,1,0

Exodus,7,3,1,1,0

Exodus,7,4,1,1,0

Exodus,7,5,1,1,0

Exodus,7,6,1,1,0

Exodus,7,7,1,1,0

Exodus,7,8,1,1,0

Exodus,7,9,1,1,0

Exodus,7,10,1,1,0

Exodus,7,11,1,1,0

Exodus,7,12,1,1,0

Exodus,7,13,1,1,0

Exodus,7,14,0,0,0

Exodus,7,15,0,0,0

Exodus,7,16,0,0,0

Exodus,7,17,0,0,0

Exodus,7,18,0,0,0

Exodus,7,19,1,1,0

Exodus,7,20,0,0,0

Exodus,7,21,0,0,0

Exodus,7,22,1,1,0

Exodus,7,23,0,0,0

Exodus,7,24,0,0,0

Exodus,7,25,0,0,0

Exodus,7,26,0,0,0

Exodus,7,27,0,0,0

Exodus,7,28,0,0,0

Exodus,7,29,0,0,0

Exodus,8,1,1,1,0

Exodus,8,2,1,1,0

Exodus,8,3,1,1,0

Exodus,8,4,0,0,0

Exodus,8,5,0,0,0

Exodus,8,6,0,0,0

Exodus,8,7,0,0,0

Exodus,8,8,0,0,0

Exodus,8,9,0,0,0

Exodus,8,10,0,0,0

Exodus,8,11,0,0,0

Exodus,8,12,1,1,0

Exodus,8,13,1,1,0

Exodus,8,14,1,1,0

Exodus,8,15,1,1,0

Exodus,8,16,0,0,0

Exodus,8,17,0,0,0

Exodus,8,18,0,0,0

Exodus,8,19,0,0,0

Exodus,8,20,0,0,0

Exodus,8,21,0,0,0

Exodus,8,22,0,0,0

Exodus,8,23,0,0,0

Exodus,8,24,0,0,0

Exodus,8,25,0,0,0

Exodus,8,26,0,0,0

Exodus,8,27,0,0,0

Exodus,8,28,0,0,0

Exodus,9,1,0,0,0

Exodus,9,2,0,0,0

Exodus,9,3,0,0,0

Exodus,9,4,0,0,0

Exodus,9,5,0,0,0

Exodus,9,6,0,0,0

Exodus,9,7,0,0,0

Exodus,9,8,1,1,0

Exodus,9,9,1,1,0

Exodus,9,10,1,1,0

Exodus,9,11,1,1,0

Exodus,9,12,1,1,0

Exodus,9,13,0,0,0

Exodus,9,14,0,0,0

Exodus,9,15,0,0,0

Exodus,9,16,0,0,0

Exodus,9,17,0,0,0

Exodus,9,18,0,0,0

Exodus,9,19,0,0,0

Exodus,9,20,0,0,0

Exodus,9,21,0,0,0

Exodus,9,22,0,0,0

Exodus,9,23,0,0,0

Exodus,9,24,0,0,0

Exodus,9,25,0,0,0

Exodus,9,26,0,0,0

Exodus,9,27,0,0,0

Exodus,9,28,0,0,0

Exodus,9,29,0,0,0

Exodus,9,30,0,0,0

Exodus,9,31,0,0,0

Exodus,9,32,0,0,0

Exodus,9,33,0,0,0

Exodus,9,34,0,0,0

Exodus,9,35,0,0,0

Exodus,10,1,0,0,0

Exodus,10,2,0,0,0

Exodus,10,3,0,0,0

Exodus,10,4,0,0,0

Exodus,10,5,0,0,0

Exodus,10,6,0,0,0

Exodus,10,7,0,0,0

Exodus,10,8,0,0,0

Exodus,10,9,0,0,0

Exodus,10,10,0,0,0

Exodus,10,11,0,0,0

Exodus,10,12,0,0,0

Exodus,10,13,0,0,0

Exodus,10,14,0,0,0

Exodus,10,15,0,0,0

Exodus,10,16,0,0,0

Exodus,10,17,0,0,0

Exodus,10,18,0,0,0

Exodus,10,19,0,0,0

Exodus,10,20,0,0,0

Exodus,10,21,0,0,0

Exodus,10,22,0,0,0

Exodus,10,23,0,0,0

Exodus,10,24,0,0,0

Exodus,10,25,0,0,0

Exodus,10,26,0,0,0

Exodus,10,27,0,0,0

Exodus,10,28,0,0,0

Exodus,10,29,0,0,0

Exodus,11,1,0,0,0

Exodus,11,2,0,0,0

Exodus,11,3,0,0,0

Exodus,11,4,0,0,0

Exodus,11,5,0,0,0

Exodus,11,6,0,0,0

Exodus,11,7,0,0,0

Exodus,11,8,0,0,0

Exodus,11,9,1,0,0

Exodus,11,10,1,0,0

Exodus,12,1,1,1,0

Exodus,12,2,1,0,0

Exodus,12,3,1,1,0

Exodus,12,4,1,1,0

Exodus,12,5,1,1,0

Exodus,12,6,1,1,0

Exodus,12,7,1,1,0

Exodus,12,8,1,1,0

Exodus,12,9,1,1,0

Exodus,12,10,1,1,0

Exodus,12,11,1,1,0

Exodus,12,12,1,1,0

Exodus,12,13,1,1,0

Exodus,12,14,1,1,0

Exodus,12,15,0,0,0

Exodus,12,16,0,0,0

Exodus,12,17,0,0,0

Exodus,12,18,0,0,0

Exodus,12,19,0,0,0

Exodus,12,20,0,0,0

Exodus,12,21,0,0,0

Exodus,12,22,0,0,0

Exodus,12,23,0,0,0

Exodus,12,24,0,0,0

Exodus,12,25,0,0,0

Exodus,12,26,0,0,0

Exodus,12,27,0,0,0

Exodus,12,28,1,1,0

Exodus,12,29,0,0,0

Exodus,12,30,0,0,0

Exodus,12,31,0,0,0

Exodus,12,32,0,0,0

Exodus,12,33,0,0,0

Exodus,12,34,0,0,0

Exodus,12,35,0,0,0

Exodus,12,36,0,0,0

Exodus,12,37,0,0,0

Exodus,12,38,0,0,0

Exodus,12,39,0,0,0

Exodus,12,40,1,1,0

Exodus,12,41,1,1,0

Exodus,12,42,0,0,0

Exodus,12,43,1,0,0

Exodus,12,44,1,0,0

Exodus,12,45,1,0,0

Exodus,12,46,1,0,0

Exodus,12,47,1,0,0

Exodus,12,48,1,0,0

Exodus,12,49,1,0,0

Exodus,12,50,1,0,0

Exodus,12,51,1,0,0

Exodus,13,1,0,0,0

Exodus,13,2,0,0,0

Exodus,13,3,0,0,0

Exodus,13,4,0,0,0

Exodus,13,5,0,0,0

Exodus,13,6,0,0,0

Exodus,13,7,0,0,0

Exodus,13,8,0,0,0

Exodus,13,9,0,0,0

Exodus,13,10,0,0,0

Exodus,13,11,0,0,0

Exodus,13,12,0,0,0

Exodus,13,13,0,0,0

Exodus,13,14,0,0,0

Exodus,13,15,0,0,0

Exodus,13,16,0,0,0

Exodus,13,17,0,0,0

Exodus,13,18,0,0,0

Exodus,13,19,0,0,0

Exodus,13,20,0,0,0

Exodus,13,21,0,0,0

Exodus,13,22,0,0,0

Exodus,14,1,1,1,0

Exodus,14,2,1,1,0

Exodus,14,3,1,1,0

Exodus,14,4,1,1,0

Exodus,14,5,0,0,0

Exodus,14,6,0,0,0

Exodus,14,7,0,0,0

Exodus,14,8,0,0,0

Exodus,14,9,0,0,0

Exodus,14,10,0,0,0

Exodus,14,11,0,0,0

Exodus,14,12,0,0,0

Exodus,14,13,0,0,0

Exodus,14,14,0,0,0

Exodus,14,15,1,1,0

Exodus,14,16,1,1,0

Exodus,14,17,1,1,0

Exodus,14,18,1,1,0

Exodus,14,19,0,0,0

Exodus,14,20,0,0,0

Exodus,14,21,0,0,0

Exodus,14,22,1,1,0

Exodus,14,23,1,1,0

Exodus,14,24,0,0,0

Exodus,14,25,0,0,0

Exodus,14,26,1,1,0

Exodus,14,27,0,0,0

Exodus,14,28,1,1,0

Exodus,14,29,1,1,0

Exodus,14,30,0,0,0

Exodus,14,31,0,0,0

Exodus,15,1,0,0,0

Exodus,15,2,0,0,0

Exodus,15,3,0,0,0

Exodus,15,4,0,0,0

Exodus,15,5,0,0,0

Exodus,15,6,0,0,0

Exodus,15,7,0,0,0

Exodus,15,8,0,0,0

Exodus,15,9,0,0,0

Exodus,15,10,0,0,0

Exodus,15,11,0,0,0

Exodus,15,12,0,0,0

Exodus,15,13,0,0,0

Exodus,15,14,0,0,0

Exodus,15,15,0,0,0

Exodus,15,16,0,0,0

Exodus,15,17,0,0,0

Exodus,15,18,0,0,0

Exodus,15,19,0,0,0

Exodus,15,20,0,0,0

Exodus,15,21,0,0,0

Exodus,15,22,0,0,0

Exodus,15,23,0,0,0

Exodus,15,24,0,0,0

Exodus,15,25,0,0,0

Exodus,15,26,0,0,0

Exodus,15,27,1,1,0

Exodus,16,1,1,1,0

Exodus,16,2,1,1,0

Exodus,16,3,1,1,0

Exodus,16,4,0,0,0

Exodus,16,5,0,0,0

Exodus,16,6,1,1,0

Exodus,16,7,1,1,0

Exodus,16,8,1,0,0

Exodus,16,9,1,1,0

Exodus,16,10,1,1,0

Exodus,16,11,1,1,0

Exodus,16,12,1,1,0

Exodus,16,13,1,1,0

Exodus,16,14,1,1,0

Exodus,16,15,1,1,0

Exodus,16,16,1,1,0

Exodus,16,17,1,1,0

Exodus,16,18,1,1,0

Exodus,16,19,1,1,0

Exodus,16,20,1,1,0

Exodus,16,21,1,1,0

Exodus,16,22,1,1,0

Exodus,16,23,1,1,0

Exodus,16,24,1,1,0

Exodus,16,25,1,1,0

Exodus,16,26,1,1,0

Exodus,16,27,0,0,0

Exodus,16,28,0,0,0

Exodus,16,29,0,0,0

Exodus,16,30,0,0,0

Exodus,16,31,0,0,0

Exodus,16,32,1,1,0

Exodus,16,33,1,1,0

Exodus,16,34,1,1,0

Exodus,16,35,0,0,0

Exodus,16,36,0,0,0

Exodus,17,1,0,0,0

Exodus,17,2,0,0,0

Exodus,17,3,0,0,0

Exodus,17,4,0,0,0

Exodus,17,5,0,0,0

Exodus,17,6,0,0,0

Exodus,17,7,0,0,0

Exodus,17,8,0,0,0

Exodus,17,9,0,0,0

Exodus,17,10,0,0,0

Exodus,17,11,0,0,0

Exodus,17,12,0,0,0

Exodus,17,13,0,0,0

Exodus,17,14,0,0,0

Exodus,17,15,0,0,0

Exodus,17,16,0,0,0

Exodus,18,1,0,0,0

Exodus,18,2,0,0,0

Exodus,18,3,0,0,0

Exodus,18,4,0,0,0

Exodus,18,5,0,0,0

Exodus,18,6,0,0,0

Exodus,18,7,0,0,0

Exodus,18,8,0,0,0

Exodus,18,9,0,0,0

Exodus,18,10,0,0,0

Exodus,18,11,0,0,0

Exodus,18,12,0,0,0

Exodus,18,13,0,0,0

Exodus,18,14,0,0,0

Exodus,18,15,0,0,0

Exodus,18,16,0,0,0

Exodus,18,17,0,0,0

Exodus,18,18,0,0,0

Exodus,18,19,0,0,0

Exodus,18,20,0,0,0

Exodus,18,21,0,0,0

Exodus,18,22,0,0,0

Exodus,18,23,0,0,0

Exodus,18,24,0,0,0

Exodus,18,25,0,0,0

Exodus,18,26,0,0,0

Exodus,18,27,0,0,0

Exodus,19,1,1,1,0

Exodus,19,2,0,0,0

Exodus,19,3,0,0,0

Exodus,19,4,0,0,0

Exodus,19,5,0,0,0

Exodus,19,6,0,0,0

Exodus,19,7,0,0,0

Exodus,19,8,0,0,0

Exodus,19,9,0,0,0

Exodus,19,10,0,0,0

Exodus,19,11,0,0,0

Exodus,19,12,0,0,0

Exodus,19,13,0,0,0

Exodus,19,14,0,0,0

Exodus,19,15,0,0,0

Exodus,19,16,0,0,0

Exodus,19,17,0,0,0

Exodus,19,18,0,0,0

Exodus,19,19,0,0,0

Exodus,19,20,0,0,0

Exodus,19,21,0,0,0

Exodus,19,22,0,0,0

Exodus,19,23,0,0,0

Exodus,19,24,0,0,0

Exodus,19,25,0,0,0

Exodus,20,1,0,0,0

Exodus,20,2,0,0,0

Exodus,20,3,0,0,0

Exodus,20,4,0,0,0

Exodus,20,5,0,0,0

Exodus,20,6,0,0,0

Exodus,20,7,0,0,0

Exodus,20,8,0,0,0

Exodus,20,9,0,0,0

Exodus,20,10,0,0,0

Exodus,20,11,0,0,0

Exodus,20,12,0,0,0

Exodus,20,13,0,0,0

Exodus,20,14,0,0,0

Exodus,20,15,0,0,0

Exodus,20,16,0,0,0

Exodus,20,17,0,0,0

Exodus,20,18,0,0,0

Exodus,20,19,0,0,0

Exodus,20,20,0,0,0

Exodus,20,21,0,0,0

Exodus,20,22,0,0,0

Exodus,20,23,0,0,0

Exodus,20,24,0,0,0

Exodus,20,25,0,0,0

Exodus,20,26,0,0,0

Exodus,21,1,0,0,0

Exodus,21,2,0,0,0

Exodus,21,3,0,0,0

Exodus,21,4,0,0,0

Exodus,21,5,0,0,0

Exodus,21,6,0,0,0

Exodus,21,7,0,0,0

Exodus,21,8,0,0,0

Exodus,21,9,0,0,0

Exodus,21,10,0,0,0

Exodus,21,11,0,0,0

Exodus,21,12,0,0,0

Exodus,21,13,0,0,0

Exodus,21,14,0,0,0

Exodus,21,15,0,0,0

Exodus,21,16,0,0,0

Exodus,21,17,0,0,0

Exodus,21,18,0,0,0

Exodus,21,19,0,0,0

Exodus,21,20,0,0,0

Exodus,21,21,0,0,0

Exodus,21,22,0,0,0

Exodus,21,23,0,0,0

Exodus,21,24,0,0,0

Exodus,21,25,0,0,0

Exodus,21,26,0,0,0

Exodus,21,27,0,0,0

Exodus,21,28,0,0,0

Exodus,21,29,0,0,0

Exodus,21,30,0,0,0

Exodus,21,31,0,0,0

Exodus,21,32,0,0,0

Exodus,21,33,0,0,0

Exodus,21,34,0,0,0

Exodus,21,35,0,0,0

Exodus,21,36,0,0,0

Exodus,21,37,0,0,0

Exodus,22,1,0,0,0

Exodus,22,2,0,0,0

Exodus,22,3,0,0,0

Exodus,22,4,0,0,0

Exodus,22,5,0,0,0

Exodus,22,6,0,0,0

Exodus,22,7,0,0,0

Exodus,22,8,0,0,0

Exodus,22,9,0,0,0

Exodus,22,10,0,0,0

Exodus,22,11,0,0,0

Exodus,22,12,0,0,0

Exodus,22,13,0,0,0

Exodus,22,14,0,0,0

Exodus,22,15,0,0,0

Exodus,22,16,0,0,0

Exodus,22,17,0,0,0

Exodus,22,18,0,0,0

Exodus,22,19,0,0,0

Exodus,22,20,0,0,0

Exodus,22,21,0,0,0

Exodus,22,22,0,0,0

Exodus,22,23,0,0,0

Exodus,22,24,0,0,0

Exodus,22,25,0,0,0

Exodus,22,26,0,0,0

Exodus,22,27,0,0,0

Exodus,22,28,0,0,0

Exodus,22,29,0,0,0

Exodus,22,30,0,0,0

Exodus,23,1,0,0,0

Exodus,23,2,0,0,0

Exodus,23,3,0,0,0

Exodus,23,4,0,0,0

Exodus,23,5,0,0,0

Exodus,23,6,0,0,0

Exodus,23,7,0,0,0

Exodus,23,8,0,0,0

Exodus,23,9,0,0,0

Exodus,23,10,0,0,0

Exodus,23,11,0,0,0

Exodus,23,12,0,0,0

Exodus,23,13,0,0,0

Exodus,23,14,0,0,0

Exodus,23,15,0,0,0

Exodus,23,16,0,0,0

Exodus,23,17,0,0,0

Exodus,23,18,0,0,0

Exodus,23,19,0,0,0

Exodus,23,20,0,0,0

Exodus,23,21,0,0,0

Exodus,23,22,0,0,0

Exodus,23,23,0,0,0

Exodus,23,24,0,0,0

Exodus,23,25,0,0,0

Exodus,23,26,0,0,0

Exodus,23,27,0,0,0

Exodus,23,28,0,0,0

Exodus,23,29,0,0,0

Exodus,23,30,0,0,0

Exodus,23,31,0,0,0

Exodus,23,32,0,0,0

Exodus,23,33,0,0,0

Exodus,24,1,0,0,0

Exodus,24,2,0,0,0

Exodus,24,3,0,0,0

Exodus,24,4,0,0,0

Exodus,24,5,0,0,0

Exodus,24,6,0,0,0

Exodus,24,7,0,0,0

Exodus,24,8,0,0,0

Exodus,24,9,0,0,0

Exodus,24,10,0,0,0

Exodus,24,11,0,0,0

Exodus,24,12,0,0,0

Exodus,24,13,0,0,0

Exodus,24,14,0,0,0

Exodus,24,15,0,0,0

Exodus,24,16,1,1,0

Exodus,24,17,1,1,0

Exodus,24,18,0,0,0

Exodus,25,1,1,0,0

Exodus,25,2,1,0,0

Exodus,25,3,1,0,0

Exodus,25,4,1,0,0

Exodus,25,5,1,0,0

Exodus,25,6,1,0,0

Exodus,25,7,1,0,0

Exodus,25,8,1,0,0

Exodus,25,9,1,0,0

Exodus,25,10,1,0,0

Exodus,25,11,1,0,0

Exodus,25,12,1,0,0

Exodus,25,13,1,0,0

Exodus,25,14,1,0,0

Exodus,25,15,1,0,0

Exodus,25,16,1,0,0

Exodus,25,17,1,0,0

Exodus,25,18,1,0,0

Exodus,25,19,1,0,0

Exodus,25,20,1,0,0

Exodus,25,21,1,0,0

Exodus,25,22,1,0,0

Exodus,25,23,1,0,0

Exodus,25,24,1,0,0

Exodus,25,25,1,1,0

Exodus,25,26,1,1,0

Exodus,25,27,1,1,0

Exodus,25,28,1,1,0

Exodus,25,29,1,1,0

Exodus,25,30,1,0,0

Exodus,25,31,1,0,0

Exodus,25,32,1,0,0

Exodus,25,33,1,0,0

Exodus,25,34,1,0,0

Exodus,25,35,1,0,0

Exodus,25,36,1,0,0

Exodus,25,37,1,0,0

Exodus,25,38,1,0,0

Exodus,25,39,1,0,0

Exodus,25,40,1,0,0

Exodus,26,1,1,0,0

Exodus,26,2,1,0,0

Exodus,26,3,1,0,0

Exodus,26,4,1,0,0

Exodus,26,5,1,0,0

Exodus,26,6,1,0,0

Exodus,26,7,1,0,0

Exodus,26,8,1,0,0

Exodus,26,9,1,0,0

Exodus,26,10,1,0,0

Exodus,26,11,1,0,0

Exodus,26,12,1,0,0

Exodus,26,13,1,0,0

Exodus,26,14,1,0,0

Exodus,26,15,1,0,0

Exodus,26,16,1,0,0

Exodus,26,17,1,0,0

Exodus,26,18,1,0,0

Exodus,26,19,1,0,0

Exodus,26,20,1,0,0

Exodus,26,21,1,0,0

Exodus,26,22,1,0,0

Exodus,26,23,1,0,0

Exodus,26,24,1,0,0

Exodus,26,25,1,0,0

Exodus,26,26,1,0,0

Exodus,26,27,1,0,0

Exodus,26,28,1,0,0

Exodus,26,29,1,0,0

Exodus,26,30,1,0,0

Exodus,26,31,1,0,0

Exodus,26,32,1,0,0

Exodus,26,33,1,0,0

Exodus,26,34,1,0,0

Exodus,26,35,1,0,0

Exodus,26,36,1,0,0

Exodus,26,37,1,0,0

Exodus,27,1,1,0,0

Exodus,27,2,1,0,0

Exodus,27,3,1,0,0

Exodus,27,4,1,0,0

Exodus,27,5,1,0,0

Exodus,27,6,1,0,0

Exodus,27,7,1,0,0

Exodus,27,8,1,0,0

Exodus,27,9,1,0,0

Exodus,27,10,1,0,0

Exodus,27,11,1,0,0

Exodus,27,12,1,0,0

Exodus,27,13,1,0,0

Exodus,27,14,1,0,0

Exodus,27,15,1,0,0

Exodus,27,16,1,0,0

Exodus,27,17,1,0,0

Exodus,27,18,1,0,0

Exodus,27,19,1,0,0

Exodus,27,20,1,0,0

Exodus,27,21,1,0,0

Exodus,28,1,1,0,0

Exodus,28,2,1,0,0

Exodus,28,3,1,0,0

Exodus,28,4,1,0,0

Exodus,28,5,1,0,0

Exodus,28,6,1,0,0

Exodus,28,7,1,0,0

Exodus,28,8,1,0,0

Exodus,28,9,1,0,0

Exodus,28,10,1,0,0

Exodus,28,11,1,0,0

Exodus,28,12,1,0,0

Exodus,28,13,1,0,0

Exodus,28,14,1,0,0

Exodus,28,15,1,0,0

Exodus,28,16,1,0,0

Exodus,28,17,1,0,0

Exodus,28,18,1,0,0

Exodus,28,19,1,0,0

Exodus,28,20,1,0,0

Exodus,28,21,1,0,0

Exodus,28,22,1,0,0

Exodus,28,23,1,0,0

Exodus,28,24,1,0,0

Exodus,28,25,1,0,0

Exodus,28,26,1,0,0

Exodus,28,27,1,0,0

Exodus,28,28,1,0,0

Exodus,28,29,1,0,0

Exodus,28,30,1,0,0

Exodus,28,31,1,0,0

Exodus,28,32,1,0,0

Exodus,28,33,1,0,0

Exodus,28,34,1,0,0

Exodus,28,35,1,0,0

Exodus,28,36,1,0,0

Exodus,28,37,1,0,0

Exodus,28,38,1,0,0

Exodus,28,39,1,0,0

Exodus,28,40,1,0,0

Exodus,28,41,1,0,0

Exodus,28,42,1,0,0

Exodus,28,43,1,0,0

Exodus,29,1,1,0,0

Exodus,29,2,1,0,0

Exodus,29,3,1,0,0

Exodus,29,4,1,0,0

Exodus,29,5,1,0,0

Exodus,29,6,1,0,0

Exodus,29,7,1,0,0

Exodus,29,8,1,0,0

Exodus,29,9,1,0,0

Exodus,29,10,1,0,0

Exodus,29,11,1,0,0

Exodus,29,12,1,0,0

Exodus,29,13,1,0,0

Exodus,29,14,1,0,0

Exodus,29,15,1,0,0

Exodus,29,16,1,0,0

Exodus,29,17,1,0,0

Exodus,29,18,1,0,0

Exodus,29,19,1,0,0

Exodus,29,20,1,0,0

Exodus,29,21,1,0,0

Exodus,29,22,1,0,0

Exodus,29,23,1,0,0

Exodus,29,24,1,0,0

Exodus,29,25,1,0,0

Exodus,29,26,1,0,0

Exodus,29,27,1,0,0

Exodus,29,28,1,0,0

Exodus,29,29,1,0,0

Exodus,29,30,1,0,0

Exodus,29,31,1,0,0

Exodus,29,32,1,0,0

Exodus,29,33,1,0,0

Exodus,29,34,1,0,0

Exodus,29,35,1,0,0

Exodus,29,36,1,0,0

Exodus,29,37,1,0,0

Exodus,29,38,1,0,0

Exodus,29,39,1,0,0

Exodus,29,40,1,0,0

Exodus,29,41,1,0,0

Exodus,29,42,1,0,0

Exodus,29,43,1,0,0

Exodus,29,44,1,0,0

Exodus,29,45,1,0,0

Exodus,29,46,1,0,0

Exodus,30,1,1,0,0

Exodus,30,2,1,0,0

Exodus,30,3,1,0,0

Exodus,30,4,1,0,0

Exodus,30,5,1,0,0

Exodus,30,6,1,0,0

Exodus,30,7,1,0,0

Exodus,30,8,1,0,0

Exodus,30,9,1,0,0

Exodus,30,10,1,0,0

Exodus,30,11,1,0,0

Exodus,30,12,1,0,0

Exodus,30,13,1,0,0

Exodus,30,14,1,0,0

Exodus,30,15,1,0,0

Exodus,30,16,1,0,0

Exodus,30,17,1,0,0

Exodus,30,18,1,0,0

Exodus,30,19,1,0,0

Exodus,30,20,1,0,0

Exodus,30,21,1,0,0

Exodus,30,22,1,0,0

Exodus,30,23,1,0,0

Exodus,30,24,1,0,0

Exodus,30,25,1,0,0

Exodus,30,26,1,0,0

Exodus,30,27,1,0,0

Exodus,30,28,1,0,0

Exodus,30,29,1,0,0

Exodus,30,30,1,0,0

Exodus,30,31,1,0,0

Exodus,30,32,1,0,0

Exodus,30,33,1,0,0

Exodus,30,34,1,0,0

Exodus,30,35,1,0,0

Exodus,30,36,1,0,0

Exodus,30,37,1,0,0

Exodus,30,38,1,0,0

Exodus,31,1,1,0,0

Exodus,31,2,1,0,0

Exodus,31,3,1,0,0

Exodus,31,4,1,0,0

Exodus,31,5,1,0,0

Exodus,31,6,1,0,0

Exodus,31,7,1,0,0

Exodus,31,8,1,0,0

Exodus,31,9,1,0,0

Exodus,31,10,1,0,0

Exodus,31,11,1,0,0

Exodus,31,12,1,0,0

Exodus,31,13,1,0,0

Exodus,31,14,1,0,0

Exodus,31,15,1,0,0

Exodus,31,16,1,0,0

Exodus,31,17,1,0,0

Exodus,31,18,1,1,0

Exodus,32,1,0,0,0

Exodus,32,2,0,0,0

Exodus,32,3,0,0,0

Exodus,32,4,0,0,0

Exodus,32,5,0,0,0

Exodus,32,6,0,0,0

Exodus,32,7,0,0,0

Exodus,32,8,0,0,0

Exodus,32,9,0,0,0

Exodus,32,10,0,0,0

Exodus,32,11,0,0,0

Exodus,32,12,0,0,0

Exodus,32,13,0,0,0

Exodus,32,14,0,0,0

Exodus,32,15,0,0,0

Exodus,32,16,0,0,0

Exodus,32,17,0,0,0

Exodus,32,18,0,0,0

Exodus,32,19,0,0,0

Exodus,32,20,0,0,0

Exodus,32,21,0,0,0

Exodus,32,22,0,0,0

Exodus,32,23,0,0,0

Exodus,32,24,0,0,0

Exodus,32,25,0,0,0

Exodus,32,26,0,0,0

Exodus,32,27,0,0,0

Exodus,32,28,0,0,0

Exodus,32,29,0,0,0

Exodus,32,30,0,0,0

Exodus,32,31,0,0,0

Exodus,32,32,0,0,0

Exodus,32,33,0,0,0

Exodus,32,34,0,0,0

Exodus,32,35,0,0,0

Exodus,33,1,0,0,0

Exodus,33,2,0,0,0

Exodus,33,3,0,0,0

Exodus,33,4,0,0,0

Exodus,33,5,0,0,0

Exodus,33,6,0,0,0

Exodus,33,7,0,0,0

Exodus,33,8,0,0,0

Exodus,33,9,0,0,0

Exodus,33,10,0,0,0

Exodus,33,11,0,0,0

Exodus,33,12,0,0,0

Exodus,33,13,0,0,0

Exodus,33,14,0,0,0

Exodus,33,15,0,0,0

Exodus,33,16,0,0,0

Exodus,33,17,0,0,0

Exodus,33,18,0,0,0

Exodus,33,19,0,0,0

Exodus,33,20,0,0,0

Exodus,33,21,0,0,0

Exodus,33,22,0,0,0

Exodus,33,23,0,0,0

Exodus,34,1,0,0,0

Exodus,34,2,0,0,0

Exodus,34,3,0,0,0

Exodus,34,4,0,0,0

Exodus,34,5,0,0,0

Exodus,34,6,0,0,0

Exodus,34,7,0,0,0

Exodus,34,8,0,0,0

Exodus,34,9,0,0,0

Exodus,34,10,0,0,0

Exodus,34,11,0,0,0

Exodus,34,12,0,0,0

Exodus,34,13,0,0,0

Exodus,34,14,0,0,0

Exodus,34,15,0,0,0

Exodus,34,16,0,0,0

Exodus,34,17,0,0,0

Exodus,34,18,0,0,0

Exodus,34,19,0,0,0

Exodus,34,20,0,0,0

Exodus,34,21,0,0,0

Exodus,34,22,0,0,0

Exodus,34,23,0,0,0

Exodus,34,24,0,0,0

Exodus,34,25,0,0,0

Exodus,34,26,0,0,0

Exodus,34,27,0,0,0

Exodus,34,28,0,0,0

Exodus,34,29,0,0,0

Exodus,34,30,0,0,0

Exodus,34,31,0,0,0

Exodus,34,32,0,0,0

Exodus,34,33,0,0,0

Exodus,34,34,0,0,0

Exodus,34,35,0,0,0

Exodus,35,1,1,0,0

Exodus,35,2,1,0,0

Exodus,35,3,1,0,0

Exodus,35,4,1,0,0

Exodus,35,5,1,1,0

Exodus,35,6,1,1,0

Exodus,35,7,1,1,0

Exodus,35,8,1,1,0

Exodus,35,9,1,1,0

Exodus,35,10,1,1,0

Exodus,35,11,1,0,0

Exodus,35,12,1,0,0

Exodus,35,13,1,0,0

Exodus,35,14,1,0,0

Exodus,35,15,1,0,0

Exodus,35,16,1,0,0

Exodus,35,17,1,0,0

Exodus,35,18,1,0,0

Exodus,35,19,1,0,0

Exodus,35,20,1,1,0

Exodus,35,21,1,1,0

Exodus,35,22,1,1,0

Exodus,35,23,1,1,0

Exodus,35,24,1,1,0

Exodus,35,25,1,1,0

Exodus,35,26,1,1,0

Exodus,35,27,1,1,0

Exodus,35,28,1,0,0

Exodus,35,29,1,1,0

Exodus,35,30,1,1,0

Exodus,35,31,1,0,0

Exodus,35,32,1,1,0

Exodus,35,33,1,1,0

Exodus,35,34,1,0,0

Exodus,35,35,1,0,0

Exodus,36,1,1,0,0

Exodus,36,2,1,1,0

Exodus,36,3,1,1,0

Exodus,36,4,1,1,0

Exodus,36,5,1,1,0

Exodus,36,6,1,1,0

Exodus,36,7,1,1,0

Exodus,36,8,1,1,0

Exodus,36,9,1,1,0

Exodus,36,10,1,1,0

Exodus,36,11,1,1,0

Exodus,36,12,1,1,0

Exodus,36,13,1,1,0

Exodus,36,14,1,1,0

Exodus,36,15,1,1,0

Exodus,36,16,1,1,0

Exodus,36,17,1,1,0

Exodus,36,18,1,1,0

Exodus,36,19,1,1,0

Exodus,36,20,1,1,0

Exodus,36,21,1,1,0

Exodus,36,22,1,1,0

Exodus,36,23,1,1,0

Exodus,36,24,1,1,0

Exodus,36,25,1,1,0

Exodus,36,26,1,1,0

Exodus,36,27,1,1,0

Exodus,36,28,1,1,0

Exodus,36,29,1,1,0

Exodus,36,30,1,1,0

Exodus,36,31,1,1,0

Exodus,36,32,1,1,0

Exodus,36,33,1,1,0

Exodus,36,34,1,1,0

Exodus,36,35,1,1,0

Exodus,36,36,1,1,0

Exodus,36,37,1,1,0

Exodus,36,38,1,1,0

Exodus,37,1,1,1,0

Exodus,37,2,1,1,0

Exodus,37,3,1,1,0

Exodus,37,4,1,1,0

Exodus,37,5,1,1,0

Exodus,37,6,1,1,0

Exodus,37,7,1,1,0

Exodus,37,8,1,1,0

Exodus,37,9,1,1,0

Exodus,37,10,1,1,0

Exodus,37,11,1,1,0

Exodus,37,12,1,1,0

Exodus,37,13,1,1,0

Exodus,37,14,1,1,0

Exodus,37,15,1,1,0

Exodus,37,16,1,1,0

Exodus,37,17,1,1,0

Exodus,37,18,1,1,0

Exodus,37,19,1,1,0

Exodus,37,20,1,1,0

Exodus,37,21,1,1,0

Exodus,37,22,1,1,0

Exodus,37,23,1,1,0

Exodus,37,24,1,1,0

Exodus,37,25,1,0,0

Exodus,37,26,1,0,0

Exodus,37,27,1,0,0

Exodus,37,28,1,0,0

Exodus,37,29,1,0,0

Exodus,38,1,1,1,0

Exodus,38,2,1,1,0

Exodus,38,3,1,1,0

Exodus,38,4,1,1,0

Exodus,38,5,1,1,0

Exodus,38,6,1,1,0

Exodus,38,7,1,1,0

Exodus,38,8,1,0,0

Exodus,38,9,1,1,0

Exodus,38,10,1,1,0

Exodus,38,11,1,1,0

Exodus,38,12,1,1,0

Exodus,38,13,1,1,0

Exodus,38,14,1,1,0

Exodus,38,15,1,1,0

Exodus,38,16,1,1,0

Exodus,38,17,1,1,0

Exodus,38,18,1,1,0

Exodus,38,19,1,1,0

Exodus,38,20,1,1,0

Exodus,38,21,1,0,0

Exodus,38,22,1,0,0

Exodus,38,23,1,0,0

Exodus,38,24,1,0,0

Exodus,38,25,1,0,0

Exodus,38,26,1,0,0

Exodus,38,27,1,0,0

Exodus,38,28,1,0,0

Exodus,38,29,1,0,0

Exodus,38,30,1,0,0

Exodus,38,31,1,0,0

Exodus,39,1,1,1,0

Exodus,39,2,1,1,0

Exodus,39,3,1,1,0

Exodus,39,4,1,1,0

Exodus,39,5,1,1,0

Exodus,39,6,1,1,0

Exodus,39,7,1,1,0

Exodus,39,8,1,1,0

Exodus,39,9,1,1,0

Exodus,39,10,1,1,0

Exodus,39,11,1,1,0

Exodus,39,12,1,1,0

Exodus,39,13,1,1,0

Exodus,39,14,1,1,0

Exodus,39,15,1,1,0

Exodus,39,16,1,1,0

Exodus,39,17,1,1,0

Exodus,39,18,1,1,0

Exodus,39,19,1,1,0

Exodus,39,20,1,1,0

Exodus,39,21,1,1,0

Exodus,39,22,1,1,0

Exodus,39,23,1,1,0

Exodus,39,24,1,1,0

Exodus,39,25,1,1,0

Exodus,39,26,1,1,0

Exodus,39,27,1,1,0

Exodus,39,28,1,1,0

Exodus,39,29,1,1,0

Exodus,39,30,1,1,0

Exodus,39,31,1,1,0

Exodus,39,32,1,1,0

Exodus,39,33,1,0,0

Exodus,39,34,1,0,0

Exodus,39,35,1,0,0

Exodus,39,36,1,0,0

Exodus,39,37,1,0,0

Exodus,39,38,1,0,0

Exodus,39,39,1,0,0

Exodus,39,40,1,0,0

Exodus,39,41,1,0,0

Exodus,39,42,1,0,0

Exodus,39,43,1,1,0

Exodus,40,1,1,0,0

Exodus,40,2,1,0,0

Exodus,40,3,1,0,0

Exodus,40,4,1,0,0

Exodus,40,5,1,0,0

Exodus,40,6,1,0,0

Exodus,40,7,1,0,0

Exodus,40,8,1,0,0

Exodus,40,9,1,0,0

Exodus,40,10,1,0,0

Exodus,40,11,1,0,0

Exodus,40,12,1,0,0

Exodus,40,13,1,0,0

Exodus,40,14,1,0,0

Exodus,40,15,1,0,0

Exodus,40,16,1,0,0

Exodus,40,17,1,1,0

Exodus,40,18,1,0,0

Exodus,40,19,1,0,0

Exodus,40,20,1,0,0

Exodus,40,21,1,0,0

Exodus,40,22,1,0,0

Exodus,40,23,1,0,0

Exodus,40,24,1,0,0

Exodus,40,25,1,0,0

Exodus,40,26,1,0,0

Exodus,40,27,1,0,0

Exodus,40,28,1,0,0

Exodus,40,29,1,0,0

Exodus,40,30,1,0,0

Exodus,40,31,1,0,0

Exodus,40,32,1,0,0

Exodus,40,33,1,0,0

Exodus,40,34,1,1,0

Exodus,40,35,1,0,0

Exodus,40,36,1,0,0

Exodus,40,37,1,0,0

Exodus,40,38,1,0,0
