Book,Chapter,Verse,Narrative,P
Genesis,1,1,1,0
Genesis,1,2,1,0
Genesis,1,3,1,0
Genesis,1,4,1,0
Genesis,1,5,1,0
Genesis,1,6,1,0
Genesis,1,7,1,0
Genesis,1,8,1,0
Genesis,1,9,1,0
Genesis,1,10,1,0
Genesis,1,11,1,0
Genesis,1,12,1,0
Genesis,1,13,1,0
Genesis,1,14,1,0
Genesis,1,15,1,0
Genesis,1,16,1,0
Genesis,1,17,1,0
Genesis,1,18,1,0
Genesis,1,19,1,0
Genesis,1,20,1,0
Genesis,1,21,1,0
Genesis,1,22,1,0
Genesis,1,23,1,0
Genesis,1,24,1,0
Genesis,1,25,1,0
Genesis,1,26,1,0
Genesis,1,27,1,0
Genesis,1,28,1,0
Genesis,1,29,1,0
Genesis,1,30,1,0
Genesis,1,31,1,0
Genesis,2,1,1,0
Genesis,2,2,1,0
Genesis,2,3,1,0
Genesis,2,4,1,0
Genesis,2,5,1,0
Genesis,2,6,1,0
Genesis,2,7,1,0
Genesis,2,8,1,0
Genesis,2,9,1,0
Genesis,2,10,1,0
Genesis,2,11,1,0
Genesis,2,12,1,0
Genesis,2,13,1,0
Genesis,2,14,1,0
Genesis,2,15,1,0
Genesis,2,16,1,0
Genesis,2,17,1,0
Genesis,2,18,1,0
Genesis,2,19,1,0
Genesis,2,20,1,0
Genesis,2,21,1,0
Genesis,2,22,1,0
Genesis,2,23,1,0
Genesis,2,24,1,0
Genesis,2,25,1,0
Genesis,3,1,1,0
Genesis,3,2,1,0
Genesis,3,3,1,0
Genesis,3,4,1,0
Genesis,3,5,1,0
Genesis,3,6,1,0
Genesis,3,7,1,0
Genesis,3,8,1,0
Genesis,3,9,1,0
Genesis,3,10,1,0
Genesis,3,11,1,0
Genesis,3,12,1,0
Genesis,3,13,1,0
Genesis,3,14,1,0
Genesis,3,15,1,0
Genesis,3,16,1,0
Genesis,3,17,1,0
Genesis,3,18,1,0
Genesis,3,19,1,0
Genesis,3,20,1,0
Genesis,3,21,1,0
Genesis,3,22,1,0
Genesis,3,23,1,0
Genesis,3,24,1,0
Genesis,4,1,1,0
Genesis,4,2,1,0
Genesis,4,3,1,0
Genesis,4,4,1,0
Genesis,4,5,1,0
Genesis,4,6,1,0
Genesis,4,7,1,0
Genesis,4,8,1,0
Genesis,4,9,1,0
Genesis,4,10,1,0
Genesis,4,11,1,0
Genesis,4,12,1,0
Genesis,4,13,1,0
Genesis,4,14,1,0
Genesis,4,15,1,0
Genesis,4,16,1,0
Genesis,4,17,1,0
Genesis,4,18,1,0
Genesis,4,19,1,0
Genesis,4,20,1,0
Genesis,4,21,1,0
Genesis,4,22,1,0
Genesis,4,23,1,0
Genesis,4,24,1,0
Genesis,4,25,1,0
Genesis,4,26,1,0
Genesis,5,1,0,1
Genesis,5,2,0,1
Genesis,5,3,0,1
Genesis,5,4,0,1
Genesis,5,5,0,1
Genesis,5,6,0,1
Genesis,5,7,0,1
Genesis,5,8,0,1
Genesis,5,9,0,1
Genesis,5,10,0,1
Genesis,5,11,0,1
Genesis,5,12,0,1
Genesis,5,13,0,1
Genesis,5,14,0,1
Genesis,5,15,0,1
Genesis,5,16,0,1
Genesis,5,17,0,1
Genesis,5,18,0,1
Genesis,5,19,0,1
Genesis,5,20,0,1
Genesis,5,21,0,1
Genesis,5,22,0,1
Genesis,5,23,0,1
Genesis,5,24,0,1
Genesis,5,25,0,1
Genesis,5,26,0,1
Genesis,5,27,0,1
Genesis,5,28,0,1
Genesis,5,29,0,1
Genesis,5,30,0,1
Genesis,5,31,0,1
Genesis,5,32,0,1
Genesis,6,1,1,0
Genesis,6,2,1,0
Genesis,6,3,1,0
Genesis,6,4,1,0
Genesis,6,5,1,0
Genesis,6,6,1,0
Genesis,6,7,1,0
Genesis,6,8,1,0
Genesis,6,9,1,0
Genesis,6,10,1,0
Genesis,6,11,1,0
Genesis,6,12,1,0
Genesis,6,13,1,0
Genesis,6,14,1,0
Genesis,6,15,1,0
Genesis,6,16,1,0
Genesis,6,17,1,0
Genesis,6,18,1,0
Genesis,6,19,1,0
Genesis,6,20,1,0
Genesis,6,21,1,0
Genesis,6,22,1,0
Genesis,7,1,1,0
Genesis,7,2,1,0
Genesis,7,3,1,0
Genesis,7,4,1,0
Genesis,7,5,1,0
Genesis,7,6,1,0
Genesis,7,7,1,0
Genesis,7,8,1,0
Genesis,7,9,1,0
Genesis,7,10,1,0
Genesis,7,11,1,0
Genesis,7,12,1,0
Genesis,7,13,1,0
Genesis,7,14,1,0
Genesis,7,15,1,0
Genesis,7,16,1,0
Genesis,7,17,1,0
Genesis,7,18,1,0
Genesis,7,19,1,0
Genesis,7,20,1,0
Genesis,7,21,1,0
Genesis,7,22,1,0
Genesis,7,23,1,0
Genesis,7,24,1,0
Genesis,8,1,1,0
Genesis,8,2,1,0
Genesis,8,3,1,0
Genesis,8,4,1,0
Genesis,8,5,1,0
Genesis,8,6,1,0
Genesis,8,7,1,0
Genesis,8,8,1,0
Genesis,8,9,1,0
Genesis,8,10,1,0
Genesis,8,11,1,0
Genesis,8,12,1,0
Genesis,8,13,1,0
Genesis,8,14,1,0
Genesis,8,15,1,0
Genesis,8,16,1,0
Genesis,8,17,1,0
Genesis,8,18,1,0
Genesis,8,19,1,0
Genesis,8,20,1,0
Genesis,8,21,1,0
Genesis,8,22,1,0
Genesis,9,1,1,0
Genesis,9,2,1,0
Genesis,9,3,1,0
Genesis,9,4,1,0
Genesis,9,5,1,0
Genesis,9,6,1,0
Genesis,9,7,1,0
Genesis,9,8,1,0
Genesis,9,9,1,0
Genesis,9,10,1,0
Genesis,9,11,1,0
Genesis,9,12,1,0
Genesis,9,13,1,0
Genesis,9,14,1,0
Genesis,9,15,1,0
Genesis,9,16,1,0
Genesis,9,17,1,0
Genesis,9,18,1,0
Genesis,9,19,1,0
Genesis,9,20,1,0
Genesis,9,21,1,0
Genesis,9,22,1,0
Genesis,9,23,1,0
Genesis,9,24,1,0
Genesis,9,25,1,0
Genesis,9,26,1,0
Genesis,9,27,1,0
Genesis,9,28,1,0
Genesis,9,29,1,0
Genesis,10,1,0,1
Genesis,10,2,0,1
Genesis,10,3,0,1
Genesis,10,4,0,1
Genesis,10,5,0,1
Genesis,10,6,0,1
Genesis,10,7,0,1
Genesis,10,8,0,1
Genesis,10,9,0,1
Genesis,10,10,0,1
Genesis,10,11,0,1
Genesis,10,12,0,1
Genesis,10,13,0,1
Genesis,10,14,0,1
Genesis,10,15,0,1
Genesis,10,16,0,1
Genesis,10,17,0,1
Genesis,10,18,0,1
Genesis,10,19,0,1
Genesis,10,20,0,1
Genesis,10,21,0,1
Genesis,10,22,0,1
Genesis,10,23,0,1
Genesis,10,24,0,1
Genesis,10,25,0,1
Genesis,10,26,0,1
Genesis,10,27,0,1
Genesis,10,28,0,1
Genesis,10,29,0,1
Genesis,10,30,0,1
Genesis,10,31,0,1
Genesis,10,32,0,1
Genesis,11,1,1,0
Genesis,11,2,1,0
Genesis,11,3,1,0
Genesis,11,4,1,0
Genesis,11,5,1,0
Genesis,11,6,1,0
Genesis,11,7,1,0
Genesis,11,8,1,0
Genesis,11,9,1,0
Genesis,11,10,0,1
Genesis,11,11,0,1
Genesis,11,12,0,1
Genesis,11,13,0,1
Genesis,11,14,0,1
Genesis,11,15,0,1
Genesis,11,16,0,1
Genesis,11,17,0,1
Genesis,11,18,0,1
Genesis,11,19,0,1
Genesis,11,20,0,1
Genesis,11,21,0,1
Genesis,11,22,0,1
Genesis,11,23,0,1
Genesis,11,24,0,1
Genesis,11,25,0,1
Genesis,11,26,0,1
Genesis,11,27,0,1
Genesis,11,28,0,1
Genesis,11,29,0,1
Genesis,11,30,0,1
Genesis,11,31,0,1
Genesis,11,32,0,1
Genesis,12,1,1,0
Genesis,12,2,1,0
Genesis,12,3,1,0
Genesis,12,4,1,0
Genesis,12,5,1,0
Genesis,12,6,1,0
Genesis,12,7,1,0
Genesis,12,8,1,0
Genesis,12,9,1,0
Genesis,12,10,1,0
Genesis,12,11,1,0
Genesis,12,12,1,0
Genesis,12,13,1,0
Genesis,12,14,1,0
Genesis,12,15,1,0
Genesis,12,16,1,0
Genesis,12,17,1,0
Genesis,12,18,1,0
Genesis,12,19,1,0
Genesis,12,20,1,0
Genesis,13,1,1,0
Genesis,13,2,1,0
Genesis,13,3,1,0
Genesis,13,4,1,0
Genesis,13,5,1,0
Genesis,13,6,1,0
Genesis,13,7,1,0
Genesis,13,8,1,0
Genesis,13,9,1,0
Genesis,13,10,1,0
Genesis,13,11,1,0
Genesis,13,12,1,0
Genesis,13,13,1,0
Genesis,13,14,1,0
Genesis,13,15,1,0
Genesis,13,16,1,0
Genesis,13,17,1,0
Genesis,13,18,1,0
Genesis,14,1,1,0
Genesis,14,2,1,0
Genesis,14,3,1,0
Genesis,14,4,1,0
Genesis,14,5,1,0
Genesis,14,6,1,0
Genesis,14,7,1,0
Genesis,14,8,1,0
Genesis,14,9,1,0
Genesis,14,10,1,0
Genesis,14,11,1,0
Genesis,14,12,1,0
Genesis,14,13,1,0
Genesis,14,14,1,0
Genesis,14,15,1,0
Genesis,14,16,1,0
Genesis,14,17,1,0
Genesis,14,18,1,0
Genesis,14,19,1,0
Genesis,14,20,1,0
Genesis,14,21,1,0
Genesis,14,22,1,0
Genesis,14,23,1,0
Genesis,14,24,1,0
Genesis,15,1,1,0
Genesis,15,2,1,0
Genesis,15,3,1,0
Genesis,15,4,1,0
Genesis,15,5,1,0
Genesis,15,6,1,0
Genesis,15,7,1,0
Genesis,15,8,1,0
Genesis,15,9,1,0
Genesis,15,10,1,0
Genesis,15,11,1,0
Genesis,15,12,1,0
Genesis,15,13,1,0
Genesis,15,14,1,0
Genesis,15,15,1,0
Genesis,15,16,1,0
Genesis,15,17,1,0
Genesis,15,18,1,0
Genesis,15,19,1,0
Genesis,15,20,1,0
Genesis,15,21,1,0
Genesis,16,1,1,0
Genesis,16,2,1,0
Genesis,16,3,1,0
Genesis,16,4,1,0
Genesis,16,5,1,0
Genesis,16,6,1,0
Genesis,16,7,1,0
Genesis,16,8,1,0
Genesis,16,9,1,0
Genesis,16,10,1,0
Genesis,16,11,1,0
Genesis,16,12,1,0
Genesis,16,13,1,0
Genesis,16,14,1,0
Genesis,16,15,1,0
Genesis,16,16,1,0
Genesis,17,1,1,0
Genesis,17,2,1,0
Genesis,17,3,1,0
Genesis,17,4,1,0
Genesis,17,5,1,0
Genesis,17,6,1,0
Genesis,17,7,1,0
Genesis,17,8,1,0
Genesis,17,9,1,0
Genesis,17,10,1,0
Genesis,17,11,1,0
Genesis,17,12,1,0
Genesis,17,13,1,0
Genesis,17,14,1,0
Genesis,17,15,1,0
Genesis,17,16,1,0
Genesis,17,17,1,0
Genesis,17,18,1,0
Genesis,17,19,1,0
Genesis,17,20,1,0
Genesis,17,21,1,0
Genesis,17,22,1,0
Genesis,17,23,1,0
Genesis,17,24,1,0
Genesis,17,25,1,0
Genesis,17,26,1,0
Genesis,17,27,1,0
Genesis,18,1,1,0
Genesis,18,2,1,0
Genesis,18,3,1,0
Genesis,18,4,1,0
Genesis,18,5,1,0
Genesis,18,6,1,0
Genesis,18,7,1,0
Genesis,18,8,1,0
Genesis,18,9,1,0
Genesis,18,10,1,0
Genesis,18,11,1,0
Genesis,18,12,1,0
Genesis,18,13,1,0
Genesis,18,14,1,0
Genesis,18,15,1,0
Genesis,18,16,1,0
Genesis,18,17,1,0
Genesis,18,18,1,0
Genesis,18,19,1,0
Genesis,18,20,1,0
Genesis,18,21,1,0
Genesis,18,22,1,0
Genesis,18,23,1,0
Genesis,18,24,1,0
Genesis,18,25,1,0
Genesis,18,26,1,0
Genesis,18,27,1,0
Genesis,18,28,1,0
Genesis,18,29,1,0
Genesis,18,30,1,0
Genesis,18,31,1,0
Genesis,18,32,1,0
Genesis,18,33,1,0
Genesis,19,1,1,0
Genesis,19,2,1,0
Genesis,19,3,1,0
Genesis,19,4,1,0
Genesis,19,5,1,0
Genesis,19,6,1,0
Genesis,19,7,1,0
Genesis,19,8,1,0
Genesis,19,9,1,0
Genesis,19,10,1,0
Genesis,19,11,1,0
Genesis,19,12,1,0
Genesis,19,13,1,0
Genesis,19,14,1,0
Genesis,19,15,1,0
Genesis,19,16,1,0
Genesis,19,17,1,0
Genesis,19,18,1,0
Genesis,19,19,1,0
Genesis,19,20,1,0
Genesis,19,21,1,0
Genesis,19,22,1,0
Genesis,19,23,1,0
Genesis,19,24,1,0
Genesis,19,25,1,0
Genesis,19,26,1,0
Genesis,19,27,1,0
Genesis,19,28,1,0
Genesis,19,29,1,0
Genesis,19,30,1,0
Genesis,19,31,1,0
Genesis,19,32,1,0
Genesis,19,33,1,0
Genesis,19,34,1,0
Genesis,19,35,1,0
Genesis,19,36,1,0
Genesis,19,37,1,0
Genesis,19,38,1,0
Genesis,20,1,1,0
Genesis,20,2,1,0
Genesis,20,3,1,0
Genesis,20,4,1,0
Genesis,20,5,1,0
Genesis,20,6,1,0
Genesis,20,7,1,0
Genesis,20,8,1,0
Genesis,20,9,1,0
Genesis,20,10,1,0
Genesis,20,11,1,0
Genesis,20,12,1,0
Genesis,20,13,1,0
Genesis,20,14,1,0
Genesis,20,15,1,0
Genesis,20,16,1,0
Genesis,20,17,1,0
Genesis,20,18,1,0
Genesis,21,1,1,0
Genesis,21,2,1,0
Genesis,21,3,1,0
Genesis,21,4,1,0
Genesis,21,5,1,0
Genesis,21,6,1,0
Genesis,21,7,1,0
Genesis,21,8,1,0
Genesis,21,9,1,0
Genesis,21,10,1,0
Genesis,21,11,1,0
Genesis,21,12,1,0
Genesis,21,13,1,0
Genesis,21,14,1,0
Genesis,21,15,1,0
Genesis,21,16,1,0
Genesis,21,17,1,0
Genesis,21,18,1,0
Genesis,21,19,1,0
Genesis,21,20,1,0
Genesis,21,21,1,0
Genesis,21,22,1,0
Genesis,21,23,1,0
Genesis,21,24,1,0
Genesis,21,25,1,0
Genesis,21,26,1,0
Genesis,21,27,1,0
Genesis,21,28,1,0
Genesis,21,29,1,0
Genesis,21,30,1,0
Genesis,21,31,1,0
Genesis,21,32,1,0
Genesis,21,33,1,0
Genesis,21,34,1,0
Genesis,22,1,1,0
Genesis,22,2,1,0
Genesis,22,3,1,0
Genesis,22,4,1,0
Genesis,22,5,1,0
Genesis,22,6,1,0
Genesis,22,7,1,0
Genesis,22,8,1,0
Genesis,22,9,1,0
Genesis,22,10,1,0
Genesis,22,11,1,0
Genesis,22,12,1,0
Genesis,22,13,1,0
Genesis,22,14,1,0
Genesis,22,15,1,0
Genesis,22,16,1,0
Genesis,22,17,1,0
Genesis,22,18,1,0
Genesis,22,19,1,0
Genesis,22,20,0,1
Genesis,22,21,0,1
Genesis,22,22,0,1
Genesis,22,23,0,1
Genesis,22,24,0,1
Genesis,23,1,1,0
Genesis,23,2,1,0
Genesis,23,3,1,0
Genesis,23,4,1,0
Genesis,23,5,1,0
Genesis,23,6,1,0
Genesis,23,7,1,0
Genesis,23,8,1,0
Genesis,23,9,1,0
Genesis,23,10,1,0
Genesis,23,11,1,0
Genesis,23,12,1,0
Genesis,23,13,1,0
Genesis,23,14,1,0
Genesis,23,15,1,0
Genesis,23,16,1,0
Genesis,23,17,1,0
Genesis,23,18,1,0
Genesis,23,19,1,0
Genesis,23,20,1,0
Genesis,24,1,1,0
Genesis,24,2,1,0
Genesis,24,3,1,0
Genesis,24,4,1,0
Genesis,24,5,1,0
Genesis,24,6,1,0
Genesis,24,7,1,0
Genesis,24,8,1,0
Genesis,24,9,1,0
Genesis,24,10,1,0
Genesis,24,11,1,0
Genesis,24,12,1,0
Genesis,24,13,1,0
Genesis,24,14,1,0
Genesis,24,15,1,0
Genesis,24,16,1,0
Genesis,24,17,1,0
Genesis,24,18,1,0
Genesis,24,19,1,0
Genesis,24,20,1,0
Genesis,24,21,1,0
Genesis,24,22,1,0
Genesis,24,23,1,0
Genesis,24,24,1,0
Genesis,24,25,1,0
Genesis,24,26,1,0
Genesis,24,27,1,0
Genesis,24,28,1,0
Genesis,24,29,1,0
Genesis,24,30,1,0
Genesis,24,31,1,0
Genesis,24,32,1,0
Genesis,24,33,1,0
Genesis,24,34,1,0
Genesis,24,35,1,0
Genesis,24,36,1,0
Genesis,24,37,1,0
Genesis,24,38,1,0
Genesis,24,39,1,0
Genesis,24,40,1,0
Genesis,24,41,1,0
Genesis,24,42,1,0
Genesis,24,43,1,0
Genesis,24,44,1,0
Genesis,24,45,1,0
Genesis,24,46,1,0
Genesis,24,47,1,0
Genesis,24,48,1,0
Genesis,24,49,1,0
Genesis,24,50,1,0
Genesis,24,51,1,0
Genesis,24,52,1,0
Genesis,24,53,1,0
Genesis,24,54,1,0
Genesis,24,55,1,0
Genesis,24,56,1,0
Genesis,24,57,1,0
Genesis,24,58,1,0
Genesis,24,59,1,0
Genesis,24,60,1,0
Genesis,24,61,1,0
Genesis,24,62,1,0
Genesis,24,63,1,0
Genesis,24,64,1,0
Genesis,24,65,1,0
Genesis,24,66,1,0
Genesis,24,67,1,0
Genesis,25,1,0,1
Genesis,25,2,0,1
Genesis,25,3,0,1
Genesis,25,4,0,1
Genesis,25,5,1,0
Genesis,25,6,1,0
Genesis,25,7,1,0
Genesis,25,8,1,0
Genesis,25,9,1,0
Genesis,25,10,1,0
Genesis,25,11,1,0
Genesis,25,12,0,1
Genesis,25,13,0,1
Genesis,25,14,0,1
Genesis,25,15,0,1
Genesis,25,16,0,1
Genesis,25,17,0,1
Genesis,25,18,0,1
Genesis,25,19,0,1
Genesis,25,20,0,1
Genesis,25,21,1,0
Genesis,25,22,1,0
Genesis,25,23,1,0
Genesis,25,24,1,0
Genesis,25,25,1,0
Genesis,25,26,1,0
Genesis,25,27,1,0
Genesis,25,28,1,0
Genesis,25,29,1,0
Genesis,25,30,1,0
Genesis,25,31,1,0
Genesis,25,32,1,0
Genesis,25,33,1,0
Genesis,25,34,1,0
Genesis,26,1,1,0
Genesis,26,2,1,0
Genesis,26,3,1,0
Genesis,26,4,1,0
Genesis,26,5,1,0
Genesis,26,6,1,0
Genesis,26,7,1,0
Genesis,26,8,1,0
Genesis,26,9,1,0
Genesis,26,10,1,0
Genesis,26,11,1,0
Genesis,26,12,1,0
Genesis,26,13,1,0
Genesis,26,14,1,0
Genesis,26,15,1,0
Genesis,26,16,1,0
Genesis,26,17,1,0
Genesis,26,18,1,0
Genesis,26,19,1,0
Genesis,26,20,1,0
Genesis,26,21,1,0
Genesis,26,22,1,0
Genesis,26,23,1,0
Genesis,26,24,1,0
Genesis,26,25,1,0
Genesis,26,26,1,0
Genesis,26,27,1,0
Genesis,26,28,1,0
Genesis,26,29,1,0
Genesis,26,30,1,0
Genesis,26,31,1,0
Genesis,26,32,1,0
Genesis,26,33,1,0
Genesis,26,34,0,1
Genesis,27,1,1,0
Genesis,27,2,1,0
Genesis,27,3,1,0
Genesis,27,4,1,0
Genesis,27,5,1,0
Genesis,27,6,1,0
Genesis,27,7,1,0
Genesis,27,8,1,0
Genesis,27,9,1,0
Genesis,27,10,1,0
Genesis,27,11,1,0
Genesis,27,12,1,0
Genesis,27,13,1,0
Genesis,27,14,1,0
Genesis,27,15,1,0
Genesis,27,16,1,0
Genesis,27,17,1,0
Genesis,27,18,1,0
Genesis,27,19,1,0
Genesis,27,20,1,0
Genesis,27,21,1,0
Genesis,27,22,1,0
Genesis,27,23,1,0
Genesis,27,24,1,0
Genesis,27,25,1,0
Genesis,27,26,1,0
Genesis,27,27,1,0
Genesis,27,28,1,0
Genesis,27,29,1,0
Genesis,27,30,1,0
Genesis,27,31,1,0
Genesis,27,32,1,0
Genesis,27,33,1,0
Genesis,27,34,1,0
Genesis,27,35,1,0
Genesis,27,36,1,0
Genesis,27,37,1,0
Genesis,27,38,1,0
Genesis,27,39,1,0
Genesis,27,40,1,0
Genesis,27,41,1,0
Genesis,27,42,1,0
Genesis,27,43,1,0
Genesis,27,44,1,0
Genesis,27,45,1,0
Genesis,27,46,1,0
Genesis,28,1,1,0
Genesis,28,2,1,0
Genesis,28,3,1,0
Genesis,28,4,1,0
Genesis,28,5,1,0
Genesis,28,6,1,0
Genesis,28,7,1,0
Genesis,28,8,1,0
Genesis,28,9,1,0
Genesis,28,10,1,0
Genesis,28,11,1,0
Genesis,28,12,1,0
Genesis,28,13,1,0
Genesis,28,14,1,0
Genesis,28,15,1,0
Genesis,28,16,1,0
Genesis,28,17,1,0
Genesis,28,18,1,0
Genesis,28,19,1,0
Genesis,28,20,1,0
Genesis,28,21,1,0
Genesis,28,22,1,0
Genesis,29,1,1,0
Genesis,29,2,1,0
Genesis,29,3,1,0
Genesis,29,4,1,0
Genesis,29,5,1,0
Genesis,29,6,1,0
Genesis,29,7,1,0
Genesis,29,8,1,0
Genesis,29,9,1,0
Genesis,29,10,1,0
Genesis,29,11,1,0
Genesis,29,12,1,0
Genesis,29,13,1,0
Genesis,29,14,1,0
Genesis,29,15,1,0
Genesis,29,16,1,0
Genesis,29,17,1,0
Genesis,29,18,1,0
Genesis,29,19,1,0
Genesis,29,20,1,0
Genesis,29,21,1,0
Genesis,29,22,1,0
Genesis,29,23,1,0
Genesis,29,24,1,0
Genesis,29,25,1,0
Genesis,29,26,1,0
Genesis,29,27,1,0
Genesis,29,28,1,0
Genesis,29,29,1,0
Genesis,29,30,1,0
Genesis,29,31,1,0
Genesis,29,32,1,0
Genesis,29,33,1,0
Genesis,29,34,1,0
Genesis,29,35,1,0
Genesis,30,1,1,0
Genesis,30,2,1,0
Genesis,30,3,1,0
Genesis,30,4,1,0
Genesis,30,5,1,0
Genesis,30,6,1,0
Genesis,30,7,1,0
Genesis,30,8,1,0
Genesis,30,9,1,0
Genesis,30,10,1,0
Genesis,30,11,1,0
Genesis,30,12,1,0
Genesis,30,13,1,0
Genesis,30,14,1,0
Genesis,30,15,1,0
Genesis,30,16,1,0
Genesis,30,17,1,0
Genesis,30,18,1,0
Genesis,30,19,1,0
Genesis,30,20,1,0
Genesis,30,21,1,0
Genesis,30,22,1,0
Genesis,30,23,1,0
Genesis,30,24,1,0
Genesis,30,25,1,0
Genesis,30,26,1,0
Genesis,30,27,1,0
Genesis,30,28,1,0
Genesis,30,29,1,0
Genesis,30,30,1,0
Genesis,30,31,1,0
Genesis,30,32,1,0
Genesis,30,33,1,0
Genesis,30,34,1,0
Genesis,30,35,1,0
Genesis,30,36,1,0
Genesis,30,37,1,0
Genesis,30,38,1,0
Genesis,30,39,1,0
Genesis,30,40,1,0
Genesis,30,41,1,0
Genesis,30,42,1,0
Genesis,30,43,1,0
Genesis,31,1,1,0
Genesis,31,2,1,0
Genesis,31,3,1,0
Genesis,31,4,1,0
Genesis,31,5,1,0
Genesis,31,6,1,0
Genesis,31,7,1,0
Genesis,31,8,1,0
Genesis,31,9,1,0
Genesis,31,10,1,0
Genesis,31,11,1,0
Genesis,31,12,1,0
Genesis,31,13,1,0
Genesis,31,14,1,0
Genesis,31,15,1,0
Genesis,31,16,1,0
Genesis,31,17,1,0
Genesis,31,18,1,0
Genesis,31,19,1,0
Genesis,31,20,1,0
Genesis,31,21,1,0
Genesis,31,22,1,0
Genesis,31,23,1,0
Genesis,31,24,1,0
Genesis,31,25,1,0
Genesis,31,26,1,0
Genesis,31,27,1,0
Genesis,31,28,1,0
Genesis,31,29,1,0
Genesis,31,30,1,0
Genesis,31,31,1,0
Genesis,31,32,1,0
Genesis,31,33,1,0
Genesis,31,34,1,0
Genesis,31,35,1,0
Genesis,31,36,1,0
Genesis,31,37,1,0
Genesis,31,38,1,0
Genesis,31,39,1,0
Genesis,31,40,1,0
Genesis,31,41,1,0
Genesis,31,42,1,0
Genesis,31,43,1,0
Genesis,31,44,1,0
Genesis,31,45,1,0
Genesis,31,46,1,0
Genesis,31,47,1,0
Genesis,31,48,1,0
Genesis,31,49,1,0
Genesis,31,50,1,0
Genesis,31,51,1,0
Genesis,31,52,1,0
Genesis,31,53,1,0
Genesis,31,54,1,0
Genesis,32,1,1,0
Genesis,32,2,1,0
Genesis,32,3,1,0
Genesis,32,4,1,0
Genesis,32,5,1,0
Genesis,32,6,1,0
Genesis,32,7,1,0
Genesis,32,8,1,0
Genesis,32,9,1,0
Genesis,32,10,1,0
Genesis,32,11,1,0
Genesis,32,12,1,0
Genesis,32,13,1,0
Genesis,32,14,1,0
Genesis,32,15,1,0
Genesis,32,16,1,0
Genesis,32,17,1,0
Genesis,32,18,1,0
Genesis,32,19,1,0
Genesis,32,20,1,0
Genesis,32,21,1,0
Genesis,32,22,1,0
Genesis,32,23,1,0
Genesis,32,24,1,0
Genesis,32,25,1,0
Genesis,32,26,1,0
Genesis,32,27,1,0
Genesis,32,28,1,0
Genesis,32,29,1,0
Genesis,32,30,1,0
Genesis,32,31,1,0
Genesis,32,32,1,0
Genesis,32,33,1,0
Genesis,33,1,1,0
Genesis,33,2,1,0
Genesis,33,3,1,0
Genesis,33,4,1,0
Genesis,33,5,1,0
Genesis,33,6,1,0
Genesis,33,7,1,0
Genesis,33,8,1,0
Genesis,33,9,1,0
Genesis,33,10,1,0
Genesis,33,11,1,0
Genesis,33,12,1,0
Genesis,33,13,1,0
Genesis,33,14,1,0
Genesis,33,15,1,0
Genesis,33,16,1,0
Genesis,33,17,1,0
Genesis,33,18,1,0
Genesis,33,19,1,0
Genesis,33,20,1,0
Genesis,34,1,1,0
Genesis,34,2,1,0
Genesis,34,3,1,0
Genesis,34,4,1,0
Genesis,34,5,1,0
Genesis,34,6,1,0
Genesis,34,7,1,0
Genesis,34,8,1,0
Genesis,34,9,1,0
Genesis,34,10,1,0
Genesis,34,11,1,0
Genesis,34,12,1,0
Genesis,34,13,1,0
Genesis,34,14,1,0
Genesis,34,15,1,0
Genesis,34,16,1,0
Genesis,34,17,1,0
Genesis,34,18,1,0
Genesis,34,19,1,0
Genesis,34,20,1,0
Genesis,34,21,1,0
Genesis,34,22,1,0
Genesis,34,23,1,0
Genesis,34,24,1,0
Genesis,34,25,1,0
Genesis,34,26,1,0
Genesis,34,27,1,0
Genesis,34,28,1,0
Genesis,34,29,1,0
Genesis,34,30,1,0
Genesis,34,31,1,0
Genesis,35,1,1,0
Genesis,35,2,1,0
Genesis,35,3,1,0
Genesis,35,4,1,0
Genesis,35,5,1,0
Genesis,35,6,1,0
Genesis,35,7,1,0
Genesis,35,8,1,0
Genesis,35,9,1,0
Genesis,35,10,1,0
Genesis,35,11,1,0
Genesis,35,12,1,0
Genesis,35,13,1,0
Genesis,35,14,1,0
Genesis,35,15,1,0
Genesis,35,16,1,0
Genesis,35,17,1,0
Genesis,35,18,1,0
Genesis,35,19,1,0
Genesis,35,20,1,0
Genesis,35,21,1,0
Genesis,35,22,0,1
Genesis,35,23,0,1
Genesis,35,24,0,1
Genesis,35,25,0,1
Genesis,35,26,0,1
Genesis,35,27,0,1
Genesis,35,28,0,1
Genesis,35,29,0,1
Genesis,36,1,0,1
Genesis,36,2,0,1
Genesis,36,3,0,1
Genesis,36,4,0,1
Genesis,36,5,0,1
Genesis,36,6,0,1
Genesis,36,7,0,1
Genesis,36,8,0,1
Genesis,36,9,0,1
Genesis,36,10,0,1
Genesis,36,11,0,1
Genesis,36,12,0,1
Genesis,36,13,0,1
Genesis,36,14,0,1
Genesis,36,15,0,1
Genesis,36,16,0,1
Genesis,36,17,0,1
Genesis,36,18,0,1
Genesis,36,19,0,1
Genesis,36,20,0,1
Genesis,36,21,0,1
Genesis,36,22,0,1
Genesis,36,23,0,1
Genesis,36,24,0,1
Genesis,36,25,0,1
Genesis,36,26,0,1
Genesis,36,27,0,1
Genesis,36,28,0,1
Genesis,36,29,0,1
Genesis,36,30,0,1
Genesis,36,31,0,1
Genesis,36,32,0,1
Genesis,36,33,0,1
Genesis,36,34,0,1
Genesis,36,35,0,1
Genesis,36,36,0,1
Genesis,36,37,0,1
Genesis,36,38,0,1
Genesis,36,39,0,1
Genesis,36,40,0,1
Genesis,36,41,0,1
Genesis,36,42,0,1
Genesis,36,43,0,1
Genesis,37,1,1,0
Genesis,37,2,0,1
Genesis,37,3,1,0
Genesis,37,4,1,0
Genesis,37,5,1,0
Genesis,37,6,1,0
Genesis,37,7,1,0
Genesis,37,8,1,0
Genesis,37,9,1,0
Genesis,37,10,1,0
Genesis,37,11,1,0
Genesis,37,12,1,0
Genesis,37,13,1,0
Genesis,37,14,1,0
Genesis,37,15,1,0
Genesis,37,16,1,0
Genesis,37,17,1,0
Genesis,37,18,1,0
Genesis,37,19,1,0
Genesis,37,20,1,0
Genesis,37,21,1,0
Genesis,37,22,1,0
Genesis,37,23,1,0
Genesis,37,24,1,0
Genesis,37,25,1,0
Genesis,37,26,1,0
Genesis,37,27,1,0
Genesis,37,28,1,0
Genesis,37,29,1,0
Genesis,37,30,1,0
Genesis,37,31,1,0
Genesis,37,32,1,0
Genesis,37,33,1,0
Genesis,37,34,1,0
Genesis,37,35,1,0
Genesis,37,36,1,0
Genesis,38,1,1,0
Genesis,38,2,1,0
Genesis,38,3,1,0
Genesis,38,4,1,0
Genesis,38,5,1,0
Genesis,38,6,1,0
Genesis,38,7,1,0
Genesis,38,8,1,0
Genesis,38,9,1,0
Genesis,38,10,1,0
Genesis,38,11,1,0
Genesis,38,12,1,0
Genesis,38,13,1,0
Genesis,38,14,1,0
Genesis,38,15,1,0
Genesis,38,16,1,0
Genesis,38,17,1,0
Genesis,38,18,1,0
Genesis,38,19,1,0
Genesis,38,20,1,0
Genesis,38,21,1,0
Genesis,38,22,1,0
Genesis,38,23,1,0
Genesis,38,24,1,0
Genesis,38,25,1,0
Genesis,38,26,1,0
Genesis,38,27,1,0
Genesis,38,28,1,0
Genesis,38,29,1,0
Genesis,38,30,1,0
Genesis,39,1,1,0
Genesis,39,2,1,0
Genesis,39,3,1,0
Genesis,39,4,1,0
Genesis,39,5,1,0
Genesis,39,6,1,0
Genesis,39,7,1,0
Genesis,39,8,1,0
Genesis,39,9,1,0
Genesis,39,10,1,0
Genesis,39,11,1,0
Genesis,39,12,1,0
Genesis,39,13,1,0
Genesis,39,14,1,0
Genesis,39,15,1,0
Genesis,39,16,1,0
Genesis,39,17,1,0
Genesis,39,18,1,0
Genesis,39,19,1,0
Genesis,39,20,1,0
Genesis,39,21,1,0
Genesis,39,22,1,0
Genesis,39,23,1,0
Genesis,40,1,1,0
Genesis,40,2,1,0
Genesis,40,3,1,0
Genesis,40,4,1,0
Genesis,40,5,1,0
Genesis,40,6,1,0
Genesis,40,7,1,0
Genesis,40,8,1,0
Genesis,40,9,1,0
Genesis,40,10,1,0
Genesis,40,11,1,0
Genesis,40,12,1,0
Genesis,40,13,1,0
Genesis,40,14,1,0
Genesis,40,15,1,0
Genesis,40,16,1,0
Genesis,40,17,1,0
Genesis,40,18,1,0
Genesis,40,19,1,0
Genesis,40,20,1,0
Genesis,40,21,1,0
Genesis,40,22,1,0
Genesis,41,1,1,0
Genesis,41,2,1,0
Genesis,41,3,1,0
Genesis,41,4,1,0
Genesis,41,5,1,0
Genesis,41,6,1,0
Genesis,41,7,1,0
Genesis,41,8,1,0
Genesis,41,9,1,0
Genesis,41,10,1,0
Genesis,41,11,1,0
Genesis,41,12,1,0
Genesis,41,13,1,0
Genesis,41,14,1,0
Genesis,41,15,1,0
Genesis,41,16,1,0
Genesis,41,17,1,0
Genesis,41,18,1,0
Genesis,41,19,1,0
Genesis,41,20,1,0
Genesis,41,21,1,0
Genesis,41,22,1,0
Genesis,41,23,1,0
Genesis,41,24,1,0
Genesis,41,25,1,0
Genesis,41,26,1,0
Genesis,41,27,1,0
Genesis,41,28,1,0
Genesis,41,29,1,0
Genesis,41,30,1,0
Genesis,41,31,1,0
Genesis,41,32,1,0
Genesis,41,33,1,0
Genesis,41,34,1,0
Genesis,41,35,1,0
Genesis,41,36,1,0
Genesis,41,37,1,0
Genesis,41,38,1,0
Genesis,41,39,1,0
Genesis,41,40,1,0
Genesis,41,41,1,0
Genesis,41,42,1,0
Genesis,41,43,1,0
Genesis,41,44,1,0
Genesis,41,45,1,0
Genesis,41,46,1,0
Genesis,41,47,1,0
Genesis,41,48,1,0
Genesis,41,49,1,0
Genesis,41,50,1,0
Genesis,41,51,1,0
Genesis,41,52,1,0
Genesis,41,53,1,0
Genesis,41,54,1,0
Genesis,41,55,1,0
Genesis,41,56,1,0
Genesis,41,57,1,0
Genesis,42,1,1,0
Genesis,42,2,1,0
Genesis,42,3,1,0
Genesis,42,4,1,0
Genesis,42,5,1,0
Genesis,42,6,1,0
Genesis,42,7,1,0
Genesis,42,8,1,0
Genesis,42,9,1,0
Genesis,42,10,1,0
Genesis,42,11,1,0
Genesis,42,12,1,0
Genesis,42,13,1,0
Genesis,42,14,1,0
Genesis,42,15,1,0
Genesis,42,16,1,0
Genesis,42,17,1,0
Genesis,42,18,1,0
Genesis,42,19,1,0
Genesis,42,20,1,0
Genesis,42,21,1,0
Genesis,42,22,1,0
Genesis,42,23,1,0
Genesis,42,24,1,0
Genesis,42,25,1,0
Genesis,42,26,1,0
Genesis,42,27,1,0
Genesis,42,28,1,0
Genesis,42,29,1,0
Genesis,42,30,1,0
Genesis,42,31,1,0
Genesis,42,32,1,0
Genesis,42,33,1,0
Genesis,42,34,1,0
Genesis,42,35,1,0
Genesis,42,36,1,0
Genesis,42,37,1,0
Genesis,42,38,1,0
Genesis,43,1,1,0
Genesis,43,2,1,0
Genesis,43,3,1,0
Genesis,43,4,1,0
Genesis,43,5,1,0
Genesis,43,6,1,0
Genesis,43,7,1,0
Genesis,43,8,1,0
Genesis,43,9,1,0
Genesis,43,10,1,0
Genesis,43,11,1,0
Genesis,43,12,1,0
Genesis,43,13,1,0
Genesis,43,14,1,0
Genesis,43,15,1,0
Genesis,43,16,1,0
Genesis,43,17,1,0
Genesis,43,18,1,0
Genesis,43,19,1,0
Genesis,43,20,1,0
Genesis,43,21,1,0
Genesis,43,22,1,0
Genesis,43,23,1,0
Genesis,43,24,1,0
Genesis,43,25,1,0
Genesis,43,26,1,0
Genesis,43,27,1,0
Genesis,43,28,1,0
Genesis,43,29,1,0
Genesis,43,30,1,0
Genesis,43,31,1,0
Genesis,43,32,1,0
Genesis,43,33,1,0
Genesis,43,34,1,0
Genesis,44,1,1,0
Genesis,44,2,1,0
Genesis,44,3,1,0
Genesis,44,4,1,0
Genesis,44,5,1,0
Genesis,44,6,1,0
Genesis,44,7,1,0
Genesis,44,8,1,0
Genesis,44,9,1,0
Genesis,44,10,1,0
Genesis,44,11,1,0
Genesis,44,12,1,0
Genesis,44,13,1,0
Genesis,44,14,1,0
Genesis,44,15,1,0
Genesis,44,16,1,0
Genesis,44,17,1,0
Genesis,44,18,1,0
Genesis,44,19,1,0
Genesis,44,20,1,0
Genesis,44,21,1,0
Genesis,44,22,1,0
Genesis,44,23,1,0
Genesis,44,24,1,0
Genesis,44,25,1,0
Genesis,44,26,1,0
Genesis,44,27,1,0
Genesis,44,28,1,0
Genesis,44,29,1,0
Genesis,44,30,1,0
Genesis,44,31,1,0
Genesis,44,32,1,0
Genesis,44,33,1,0
Genesis,44,34,1,0
Genesis,45,1,1,0
Genesis,45,2,1,0
Genesis,45,3,1,0
Genesis,45,4,1,0
Genesis,45,5,1,0
Genesis,45,6,1,0
Genesis,45,7,1,0
Genesis,45,8,1,0
Genesis,45,9,1,0
Genesis,45,10,1,0
Genesis,45,11,1,0
Genesis,45,12,1,0
Genesis,45,13,1,0
Genesis,45,14,1,0
Genesis,45,15,1,0
Genesis,45,16,1,0
Genesis,45,17,1,0
Genesis,45,18,1,0
Genesis,45,19,1,0
Genesis,45,20,1,0
Genesis,45,21,1,0
Genesis,45,22,1,0
Genesis,45,23,1,0
Genesis,45,24,1,0
Genesis,45,25,1,0
Genesis,45,26,1,0
Genesis,45,27,1,0
Genesis,45,28,1,0
Genesis,46,1,1,0
Genesis,46,2,1,0
Genesis,46,3,1,0
Genesis,46,4,1,0
Genesis,46,5,1,0
Genesis,46,6,1,0
Genesis,46,7,1,0
Genesis,46,8,0,1
Genesis,46,9,0,1
Genesis,46,10,0,1
Genesis,46,11,0,1
Genesis,46,12,0,1
Genesis,46,13,0,1
Genesis,46,14,0,1
Genesis,46,15,0,1
Genesis,46,16,0,1
Genesis,46,17,0,1
Genesis,46,18,0,1
Genesis,46,19,0,1
Genesis,46,20,0,1
Genesis,46,21,0,1
Genesis,46,22,0,1
Genesis,46,23,0,1
Genesis,46,24,0,1
Genesis,46,25,0,1
Genesis,46,26,0,1
Genesis,46,27,0,1
Genesis,46,28,1,0
Genesis,46,29,1,0
Genesis,46,30,1,0
Genesis,46,31,1,0
Genesis,46,32,1,0
Genesis,46,33,1,0
Genesis,46,34,1,0
Genesis,47,1,1,0
Genesis,47,2,1,0
Genesis,47,3,1,0
Genesis,47,4,1,0
Genesis,47,5,1,0
Genesis,47,6,1,0
Genesis,47,7,1,0
Genesis,47,8,1,0
Genesis,47,9,1,0
Genesis,47,10,1,0
Genesis,47,11,1,0
Genesis,47,12,1,0
Genesis,47,13,1,0
Genesis,47,14,1,0
Genesis,47,15,1,0
Genesis,47,16,1,0
Genesis,47,17,1,0
Genesis,47,18,1,0
Genesis,47,19,1,0
Genesis,47,20,1,0
Genesis,47,21,1,0
Genesis,47,22,1,0
Genesis,47,23,1,0
Genesis,47,24,1,0
Genesis,47,25,1,0
Genesis,47,26,1,0
Genesis,47,27,1,0
Genesis,47,28,1,0
Genesis,47,29,1,0
Genesis,47,30,1,0
Genesis,47,31,1,0
Genesis,48,1,1,0
Genesis,48,2,1,0
Genesis,48,3,1,0
Genesis,48,4,1,0
Genesis,48,5,1,0
Genesis,48,6,1,0
Genesis,48,7,1,0
Genesis,48,8,1,0
Genesis,48,9,1,0
Genesis,48,10,1,0
Genesis,48,11,1,0
Genesis,48,12,1,0
Genesis,48,13,1,0
Genesis,48,14,1,0
Genesis,48,15,1,0
Genesis,48,16,1,0
Genesis,48,17,1,0
Genesis,48,18,1,0
Genesis,48,19,1,0
Genesis,48,20,1,0
Genesis,48,21,1,0
Genesis,48,22,1,0
Genesis,49,1,1,0
Genesis,49,2,1,0
Genesis,49,3,1,0
Genesis,49,4,1,0
Genesis,49,5,1,0
Genesis,49,6,1,0
Genesis,49,7,1,0
Genesis,49,8,1,0
Genesis,49,9,1,0
Genesis,49,10,1,0
Genesis,49,11,1,0
Genesis,49,12,1,0
Genesis,49,13,1,0
Genesis,49,14,1,0
Genesis,49,15,1,0
Genesis,49,16,1,0
Genesis,49,17,1,0
Genesis,49,18,1,0
Genesis,49,19,1,0
Genesis,49,20,1,0
Genesis,49,21,1,0
Genesis,49,22,1,0
Genesis,49,23,1,0
Genesis,49,24,1,0
Genesis,49,25,1,0
Genesis,49,26,1,0
Genesis,49,27,1,0
Genesis,49,28,1,0
Genesis,49,29,1,0
Genesis,49,30,1,0
Genesis,49,31,1,0
Genesis,49,32,1,0
Genesis,49,33,1,0
Genesis,50,1,1,0
Genesis,50,2,1,0
Genesis,50,3,1,0
Genesis,50,4,1,0
Genesis,50,5,1,0
Genesis,50,6,1,0
Genesis,50,7,1,0
Genesis,50,8,1,0
Genesis,50,9,1,0
Genesis,50,10,1,0
Genesis,50,11,1,0
Genesis,50,12,1,0
Genesis,50,13,1,0
Genesis,50,14,1,0
Genesis,50,15,1,0
Genesis,50,16,1,0
Genesis,50,17,1,0
Genesis,50,18,1,0
Genesis,50,19,1,0
Genesis,50,20,1,0
Genesis,50,21,1,0
Genesis,50,22,1,0
Genesis,50,23,1,0
Genesis,50,24,1,0
Genesis,50,25,1,0
Genesis,50,26,1,0